resp_id,survey_location,period,post,treated,did,monthly_transport_exp,ticket_expenditure,gender,female,age,profession,trip_purpose,mode,trip_dist_km,trip_time_min,trip_fare,trips_per_week,wait_min,access_dist_m,n_2w,n_4w,n_cycle,hh_motor_vehicles,income_imputed,vi_income,vi_no_vehicle,vi_elderly,brt_experience,employed,VI,VI_did
1,8. Hall Gate,0,0,0,0,259.8,0.0,Female,1,17,Student,Education,Shared Autorickshaw,2.0,10,10,6,1,0,1,0,1,1,0,1.0,0,0,Yes,0,0.3333333333333333,0.0
1,8. Hall Gate,1,1,0,0,267.53956048555966,0.0,Female,1,17,Student,Education,Shared Autorickshaw,2.0,10,10,6,1,0,1,0,1,1,0,1.0,0,0,Yes,0,0.3333333333333333,0.0
2,13. Mudhal Bypass,0,0,0,0,519.6,0.0,Female,1,30,Private salaried job,Work,Shared Autorickshaw,2.0,20,20,6,5,100,1,0,1,1,17000,0.5853430110044486,0,0,No,1,0.1951143370014828,0.0
2,13. Mudhal Bypass,1,1,0,0,523.9887843975206,0.0,Female,1,30,Private salaried job,Work,Shared Autorickshaw,2.0,20,20,6,5,100,1,0,1,1,17000,0.5853430110044486,0,0,No,1,0.1951143370014828,0.0
3,23. Celebration Mall,0,0,1,0,519.6,0.0,Female,1,45,Private salaried job,Work,Shared Autorickshaw,2.0,15,20,6,5,100,1,0,1,1,17000,0.5853430110044486,0,0,No,1,0.1951143370014828,0.0
3,23. Celebration Mall,1,1,1,1,129.9,5.0,Female,1,45,Private salaried job,Work,Shared Autorickshaw,2.0,15,20,6,5,100,1,0,1,1,17000,0.5853430110044486,0,0,No,1,0.1951143370014828,0.1951143370014828
4,18. Spring Dale,0,0,0,0,303.1,0.0,Male,0,46,Homemaker,Work,Shared Autorickshaw,2.0,20,10,7,2,200,1,0,0,1,0,1.0,0,0,No,0,0.3333333333333333,0.0
4,18. Spring Dale,1,1,0,0,310.07368029059364,0.0,Male,0,46,Homemaker,Work,Shared Autorickshaw,2.0,20,10,7,2,200,1,0,0,1,0,1.0,0,0,No,0,0.3333333333333333,0.0
5,1. 100 ft road Chowk,0,0,0,0,519.6,0.0,Male,0,47,Self-employed,Work,Shared Autorickshaw,2.5,15,20,6,3,0,1,0,1,1,17914,0.5496761102005776,0,0,Yes,1,0.1832253700668592,0.0
5,1. 100 ft road Chowk,1,1,0,0,520.5417734788765,0.0,Male,0,47,Self-employed,Work,Shared Autorickshaw,2.5,15,20,6,3,0,1,0,1,1,17914,0.5496761102005776,0,0,Yes,1,0.1832253700668592,0.0
6,19. Sultanwind,0,0,0,0,173.2,0.0,Female,1,15,Student,Shopping,Shared Autorickshaw,3.0,15,10,4,0,0,0,0,1,0,0,1.0,1,0,Yes,0,0.6666666666666666,0.0
6,19. Sultanwind,1,1,0,0,182.9562235163676,0.0,Female,1,15,Student,Shopping,Shared Autorickshaw,3.0,15,10,4,0,0,0,0,1,0,0,1.0,1,0,Yes,0,0.6666666666666666,0.0
7,25. Golden Gate,0,0,0,0,779.4,0.0,Female,1,18,Student,Education,Shared Autorickshaw,3.0,20,30,6,5,200,2,0,0,2,0,1.0,0,0,No,0,0.3333333333333333,0.0
7,25. Golden Gate,1,1,0,0,787.0113970199035,0.0,Female,1,18,Student,Education,Shared Autorickshaw,3.0,20,30,6,5,200,2,0,0,2,0,1.0,0,0,No,0,0.3333333333333333,0.0
8,24. GNDU,0,0,0,0,1039.2,0.0,Female,1,21,Student,Education,Shared Autorickshaw,3.0,30,40,6,10,100,1,1,1,2,0,1.0,0,0,Yes,0,0.3333333333333333,0.0
8,24. GNDU,1,1,0,0,1047.0606430527696,0.0,Female,1,21,Student,Education,Shared Autorickshaw,3.0,30,40,6,10,100,1,1,1,2,0,1.0,0,0,Yes,0,0.3333333333333333,0.0
9,34. Valmiki Chowk,0,0,0,0,606.2,0.0,Female,1,23,Private salaried job,Work,Shared Autorickshaw,3.0,15,20,7,5,100,0,0,0,0,17000,0.5853430110044486,1,0,No,1,0.5284476703348162,0.0
9,34. Valmiki Chowk,1,1,0,0,607.4811363267555,0.0,Female,1,23,Private salaried job,Work,Shared Autorickshaw,3.0,15,20,7,5,100,0,0,0,0,17000,0.5853430110044486,1,0,No,1,0.5284476703348162,0.0
10,33. Tara Wala pul,0,0,0,0,173.2,0.0,Male,0,30,Self-employed,Work,Shared Autorickshaw,3.0,10,20,2,2,0,1,0,1,1,17914,0.5496761102005776,0,0,No,1,0.1832253700668592,0.0
10,33. Tara Wala pul,1,1,0,0,177.70385937895566,0.0,Male,0,30,Self-employed,Work,Shared Autorickshaw,3.0,10,20,2,2,0,1,0,1,1,17914,0.5496761102005776,0,0,No,1,0.1832253700668592,0.0
11,31. Queens Road,0,0,1,0,173.2,0.0,Female,1,40,Homemaker,Shopping,Shared Autorickshaw,3.0,10,20,2,5,100,2,1,1,3,0,1.0,0,0,Yes,0,0.3333333333333333,0.0
11,31. Queens Road,1,1,1,1,43.3,5.0,Female,1,40,Homemaker,Shopping,Shared Autorickshaw,3.0,10,20,2,5,100,2,1,1,3,0,1.0,0,0,Yes,0,0.3333333333333333,0.3333333333333333
12,23. Celebration Mall,0,0,0,0,259.8,0.0,Male,0,60,Self-employed,Shopping,Shared Autorickshaw,3.0,15,20,3,5,100,2,0,1,2,17914,0.5496761102005776,0,1,Yes,1,0.5165587034001925,0.0
12,23. Celebration Mall,1,1,0,0,269.067649888486,0.0,Male,0,60,Self-employed,Shopping,Shared Autorickshaw,3.0,15,20,3,5,100,2,0,1,2,17914,0.5496761102005776,0,1,Yes,1,0.5165587034001925,0.0
13,3. Bus stand,0,0,0,0,779.4,0.0,Female,1,20,Student,Education,Shared Autorickshaw,4.0,75,30,6,15,0,1,0,1,1,0,1.0,0,0,Yes,0,0.3333333333333333,0.0
13,3. Bus stand,1,1,0,0,785.8386512008066,0.0,Female,1,20,Student,Education,Shared Autorickshaw,4.0,75,30,6,15,0,1,0,1,1,0,1.0,0,0,Yes,0,0.3333333333333333,0.0
14,10. Kot Man Singh,0,0,0,0,606.2,0.0,Female,1,20,Private salaried job,Work,Shared Autorickshaw,4.0,20,20,7,5,0,2,0,0,2,17000,0.5853430110044486,0,0,No,1,0.1951143370014828,0.0
14,10. Kot Man Singh,1,1,0,0,614.4276161327083,0.0,Female,1,20,Private salaried job,Work,Shared Autorickshaw,4.0,20,20,7,5,0,2,0,0,2,17000,0.5853430110044486,0,0,No,1,0.1951143370014828,0.0
15,6. Gumtala Chowk,0,0,1,0,433.0,0.0,Male,0,45,Private salaried job,Work,Shared Autorickshaw,4.0,30,20,5,5,100,1,1,2,2,22000,0.3902286740029658,0,0,No,1,0.1300762246676552,0.0
15,6. Gumtala Chowk,1,1,1,1,216.5,10.0,Male,0,45,Private salaried job,Work,Shared Autorickshaw,4.0,30,20,5,5,100,1,1,2,2,22000,0.3902286740029658,0,0,No,1,0.1300762246676552,0.1300762246676552
16,21. Vallah Bypass,0,0,0,0,433.0,0.0,Male,0,28,Self-employed,Work,Shared Autorickshaw,5.0,30,20,5,15,100,1,0,1,1,17914,0.5496761102005776,0,0,Yes,1,0.1832253700668592,0.0
16,21. Vallah Bypass,1,1,0,0,435.2723872178478,0.0,Male,0,28,Self-employed,Work,Shared Autorickshaw,5.0,30,20,5,15,100,1,0,1,1,17914,0.5496761102005776,0,0,Yes,1,0.1832253700668592,0.0
17,21. Vallah Bypass,0,0,0,0,519.6,0.0,Male,0,28,Private salaried job,Work,Shared Autorickshaw,5.0,35,20,6,15,100,1,0,1,1,22000,0.3902286740029658,0,0,Yes,1,0.1300762246676552,0.0
17,21. Vallah Bypass,1,1,0,0,525.1458478701584,0.0,Male,0,28,Private salaried job,Work,Shared Autorickshaw,5.0,35,20,6,15,100,1,0,1,1,22000,0.3902286740029658,0,0,Yes,1,0.1300762246676552,0.0
18,21. Vallah Bypass,0,0,0,0,173.2,0.0,Male,0,35,Self-employed,Work,Shared Autorickshaw,5.0,10,20,2,5,100,0,0,1,0,17914,0.5496761102005776,1,0,Yes,1,0.5165587034001925,0.0
18,21. Vallah Bypass,1,1,0,0,173.83817256104174,0.0,Male,0,35,Self-employed,Work,Shared Autorickshaw,5.0,10,20,2,5,100,0,0,1,0,17914,0.5496761102005776,1,0,Yes,1,0.5165587034001925,0.0
19,21. Vallah Bypass,0,0,0,0,86.6,0.0,Female,1,30,Labourer,Work,Shared Autorickshaw,6.0,25,20,1,5,300,0,0,0,0,9450,0.8799656598766877,1,0,Yes,1,0.626655219958896,0.0
19,21. Vallah Bypass,1,1,0,0,94.8763117199258,0.0,Female,1,30,Labourer,Work,Shared Autorickshaw,6.0,25,20,1,5,300,0,0,0,0,9450,0.8799656598766877,1,0,Yes,1,0.626655219958896,0.0
20,28. India Gate,0,0,0,0,433.0,0.0,Male,0,30,Self-employed,Shopping,Shared Autorickshaw,6.0,15,20,5,5,200,2,1,2,3,17914,0.5496761102005776,0,0,No,1,0.1832253700668592,0.0
20,28. India Gate,1,1,0,0,439.31664399122064,0.0,Male,0,30,Self-employed,Shopping,Shared Autorickshaw,6.0,15,20,5,5,200,2,1,2,3,17914,0.5496761102005776,0,0,No,1,0.1832253700668592,0.0
21,25. Golden Gate,0,0,0,0,779.4,0.0,Male,0,40,Private salaried job,Work,Shared Autorickshaw,6.0,25,30,6,5,100,2,0,1,2,22000,0.3902286740029658,0,0,No,1,0.1300762246676552,0.0
21,25. Golden Gate,1,1,0,0,786.9808774008537,0.0,Male,0,40,Private salaried job,Work,Shared Autorickshaw,6.0,25,30,6,5,100,2,0,1,2,22000,0.3902286740029658,0,0,No,1,0.1300762246676552,0.0
22,30. Novelty Chowk,0,0,0,0,346.4,0.0,Male,0,43,Self-employed,Work,Shared Autorickshaw,6.0,20,20,4,3,100,1,0,1,1,17914,0.5496761102005776,0,0,No,1,0.1832253700668592,0.0
22,30. Novelty Chowk,1,1,0,0,349.94525968129864,0.0,Male,0,43,Self-employed,Work,Shared Autorickshaw,6.0,20,20,4,3,100,1,0,1,1,17914,0.5496761102005776,0,0,No,1,0.1832253700668592,0.0
23,20. Sultanwind gate,0,0,0,0,649.5,0.0,Male,0,28,Self-employed,Shopping,Shared Autorickshaw,7.0,30,30,5,5,100,2,0,1,2,17914,0.5496761102005776,0,0,Yes,1,0.1832253700668592,0.0
23,20. Sultanwind gate,1,1,0,0,659.206980243949,0.0,Male,0,28,Self-employed,Shopping,Shared Autorickshaw,7.0,30,30,5,5,100,2,0,1,2,17914,0.5496761102005776,0,0,Yes,1,0.1832253700668592,0.0
24,35. Verka Bypass,0,0,0,0,259.8,0.0,Male,0,50,Government salaried job,Work,Shared Autorickshaw,7.0,25,20,3,2,0,2,1,0,3,32000,0.0,0,0,Yes,1,0.0,0.0
24,35. Verka Bypass,1,1,0,0,268.731211213222,0.0,Male,0,50,Government salaried job,Work,Shared Autorickshaw,7.0,25,20,3,2,0,2,1,0,3,32000,0.0,0,0,Yes,1,0.0,0.0
25,11. Loharka Road,0,0,1,0,86.6,0.0,Female,1,24,Homemaker,Work,Shared Autorickshaw,9.0,30,20,1,15,100,0,0,0,0,0,1.0,1,0,No,0,0.6666666666666666,0.0
25,11. Loharka Road,1,1,1,1,64.95,15.0,Female,1,24,Homemaker,Work,Shared Autorickshaw,9.0,30,20,1,15,100,0,0,0,0,0,1.0,1,0,No,0,0.6666666666666666,0.6666666666666666
26,2. Amritsar Engineering College,0,0,0,0,433.0,0.0,Male,0,22,Student,Education,Shared Autorickshaw,10.0,30,20,5,10,150,1,0,1,1,0,1.0,0,0,Yes,0,0.3333333333333333,0.0
26,2. Amritsar Engineering College,1,1,0,0,434.9463870785197,0.0,Male,0,22,Student,Education,Shared Autorickshaw,10.0,30,20,5,10,150,1,0,1,1,0,1.0,0,0,Yes,0,0.3333333333333333,0.0
27,15. Rajasansi,0,0,0,0,606.2,0.0,Male,0,25,Self-employed,Recreational,Shared Autorickshaw,10.0,30,20,7,2,200,1,1,0,2,17914,0.5496761102005776,0,0,No,1,0.1832253700668592,0.0
27,15. Rajasansi,1,1,0,0,610.8672100372704,0.0,Male,0,25,Self-employed,Recreational,Shared Autorickshaw,10.0,30,20,7,2,200,1,1,0,2,17914,0.5496761102005776,0,0,No,1,0.1832253700668592,0.0
28,18. Spring Dale,0,0,1,0,519.6,0.0,Male,0,34,Labourer,Work,Shared Autorickshaw,10.0,30,20,6,10,1000,0,0,1,0,13650,0.7160696167954421,1,0,Yes,1,0.5720232055984807,0.0
28,18. Spring Dale,1,1,1,1,389.7,15.0,Male,0,34,Labourer,Work,Shared Autorickshaw,10.0,30,20,6,10,1000,0,0,1,0,13650,0.7160696167954421,1,0,Yes,1,0.5720232055984807,0.5720232055984807
29,28. India Gate,0,0,1,0,389.7,0.0,Female,1,35,Homemaker,Religious,Shared Autorickshaw,10.0,30,30,3,5,200,2,1,1,3,0,1.0,0,0,Yes,0,0.3333333333333333,0.0
29,28. India Gate,1,1,1,1,194.85,15.0,Female,1,35,Homemaker,Religious,Shared Autorickshaw,10.0,30,30,3,5,200,2,1,1,3,0,1.0,0,0,Yes,0,0.3333333333333333,0.3333333333333333
30,15. Rajasansi,0,0,0,0,519.6,0.0,Female,1,38,Government salaried job,Work,Shared Autorickshaw,10.0,20,20,6,5,0,1,1,0,2,26000,0.2341372044017794,0,0,No,1,0.0780457348005931,0.0
30,15. Rajasansi,1,1,0,0,526.4304895324245,0.0,Female,1,38,Government salaried job,Work,Shared Autorickshaw,10.0,20,20,6,5,0,1,1,0,2,26000,0.2341372044017794,0,0,No,1,0.0780457348005931,0.0
31,23. Celebration Mall,0,0,0,0,1039.2,0.0,Male,0,40,Private salaried job,Work,Shared Autorickshaw,10.0,45,40,6,5,100,2,1,1,3,22000,0.3902286740029658,0,0,No,1,0.1300762246676552,0.0
31,23. Celebration Mall,1,1,0,0,1046.6476215590783,0.0,Male,0,40,Private salaried job,Work,Shared Autorickshaw,10.0,45,40,6,5,100,2,1,1,3,22000,0.3902286740029658,0,0,No,1,0.1300762246676552,0.0
32,27. Hussainpura Chowk,0,0,0,0,519.6,0.0,Male,0,21,Private salaried job,Work,Shared Autorickshaw,12.0,40,20,6,15,0,1,0,1,1,22000,0.3902286740029658,0,0,Yes,1,0.1300762246676552,0.0
32,27. Hussainpura Chowk,1,1,0,0,529.2750973243421,0.0,Male,0,21,Private salaried job,Work,Shared Autorickshaw,12.0,40,20,6,15,0,1,0,1,1,22000,0.3902286740029658,0,0,Yes,1,0.1300762246676552,0.0
33,34. Valmiki Chowk,0,0,0,0,0.0,0.0,Male,0,40,Self-employed,Work,Bicycle,1.0,10,0,3,0,0,0,0,1,0,17914,0.5496761102005776,1,0,No,1,0.5165587034001925,0.0
33,34. Valmiki Chowk,1,1,0,0,3.25825358138152,0.0,Male,0,40,Self-employed,Work,Bicycle,1.0,10,0,3,0,0,0,0,1,0,17914,0.5496761102005776,1,0,No,1,0.5165587034001925,0.0
34,3. Bus stand,0,0,0,0,0.0,0.0,Male,0,48,Private salaried job,Work,Bicycle,1.0,4,0,6,0,0,0,0,1,0,22000,0.3902286740029658,1,0,No,1,0.4634095580009886,0.0
34,3. Bus stand,1,1,0,0,3.704597060348689,0.0,Male,0,48,Private salaried job,Work,Bicycle,1.0,4,0,6,0,0,0,0,1,0,22000,0.3902286740029658,1,0,No,1,0.4634095580009886,0.0
35,5. Ghee Mandi Chowk,0,0,0,0,0.0,0.0,Male,0,65,Self-employed,Work,Bicycle,2.0,10,0,7,0,0,1,0,1,1,17914,0.5496761102005776,0,1,No,1,0.5165587034001925,0.0
35,5. Ghee Mandi Chowk,1,1,0,0,4.695558112758079,0.0,Male,0,65,Self-employed,Work,Bicycle,2.0,10,0,7,0,0,1,0,1,1,17914,0.5496761102005776,0,1,No,1,0.5165587034001925,0.0
36,10. Kot Man Singh,0,0,0,0,0.0,0.0,Male,0,45,Private salaried job,Work,Bicycle,3.0,15,0,7,0,0,0,0,1,0,22000,0.3902286740029658,1,0,No,1,0.4634095580009886,0.0
36,10. Kot Man Singh,1,1,0,0,1.894713590842857,0.0,Male,0,45,Private salaried job,Work,Bicycle,3.0,15,0,7,0,0,0,0,1,0,22000,0.3902286740029658,1,0,No,1,0.4634095580009886,0.0
37,22. 100 feet raod,0,0,0,0,0.0,0.0,Male,0,40,Labourer,Work,Bicycle,4.0,25,0,6,0,0,0,0,2,0,13650,0.7160696167954421,1,0,No,1,0.5720232055984807,0.0
37,22. 100 feet raod,1,1,0,0,1.2992150533547164,0.0,Male,0,40,Labourer,Work,Bicycle,4.0,25,0,6,0,0,0,0,2,0,13650,0.7160696167954421,1,0,No,1,0.5720232055984807,0.0
38,32. Railway Station,0,0,0,0,0.0,0.0,Male,0,55,Private salaried job,Work,Bicycle,5.0,10,0,6,0,0,0,0,1,0,22000,0.3902286740029658,1,0,No,1,0.4634095580009886,0.0
38,32. Railway Station,1,1,0,0,4.757049262259337,0.0,Male,0,55,Private salaried job,Work,Bicycle,5.0,10,0,6,0,0,0,0,1,0,22000,0.3902286740029658,1,0,No,1,0.4634095580009886,0.0
39,30. Novelty Chowk,0,0,0,0,0.0,0.0,Male,0,45,Self-employed,Work,Bicycle,20.0,30,0,7,0,0,0,0,1,0,17914,0.5496761102005776,1,0,Yes,1,0.5165587034001925,0.0
39,30. Novelty Chowk,1,1,0,0,2.2690934905088413,0.0,Male,0,45,Self-employed,Work,Bicycle,20.0,30,0,7,0,0,0,0,1,0,17914,0.5496761102005776,1,0,Yes,1,0.5165587034001925,0.0
40,6. Gumtala Chowk,0,0,0,0,173.2,0.0,Female,1,50,Homemaker,Health,Shared E-Rickshaw,1.0,10,10,4,5,0,2,1,1,3,0,1.0,0,0,No,0,0.3333333333333333,0.0
40,6. Gumtala Chowk,1,1,0,0,179.8981399468251,0.0,Female,1,50,Homemaker,Health,Shared E-Rickshaw,1.0,10,10,4,5,0,2,1,1,3,0,1.0,0,0,No,0,0.3333333333333333,0.0
41,5. Ghee Mandi Chowk,0,0,0,0,259.8,0.0,Female,1,27,Private salaried job,Work,Shared E-Rickshaw,2.0,15,10,6,1,100,1,0,0,1,17000,0.5853430110044486,0,0,No,1,0.1951143370014828,0.0
41,5. Ghee Mandi Chowk,1,1,0,0,264.1715191887233,0.0,Female,1,27,Private salaried job,Work,Shared E-Rickshaw,2.0,15,10,6,1,100,1,0,0,1,17000,0.5853430110044486,0,0,No,1,0.1951143370014828,0.0
42,23. Celebration Mall,0,0,0,0,519.6,0.0,Male,0,42,Private salaried job,Work,Shared E-Rickshaw,2.0,10,20,6,0,0,1,0,2,1,22000,0.3902286740029658,0,0,Yes,1,0.1300762246676552,0.0
42,23. Celebration Mall,1,1,0,0,527.9267819605784,0.0,Male,0,42,Private salaried job,Work,Shared E-Rickshaw,2.0,10,20,6,0,0,1,0,2,1,22000,0.3902286740029658,0,0,Yes,1,0.1300762246676552,0.0
43,20. Sultanwind gate,0,0,0,0,519.6,0.0,Female,1,16,Student,Education,Shared E-Rickshaw,3.0,20,20,6,5,50,2,0,1,2,0,1.0,0,0,No,0,0.3333333333333333,0.0
43,20. Sultanwind gate,1,1,0,0,526.6026510200226,0.0,Female,1,16,Student,Education,Shared E-Rickshaw,3.0,20,20,6,5,50,2,0,1,2,0,1.0,0,0,No,0,0.3333333333333333,0.0
44,3. Bus stand,0,0,0,0,519.6,0.0,Female,1,22,Student,Education,Shared E-Rickshaw,3.0,30,20,6,0,0,1,1,0,2,0,1.0,0,0,Yes,0,0.3333333333333333,0.0
44,3. Bus stand,1,1,0,0,522.7236664138204,0.0,Female,1,22,Student,Education,Shared E-Rickshaw,3.0,30,20,6,0,0,1,1,0,2,0,1.0,0,0,Yes,0,0.3333333333333333,0.0
45,Majitha_Road,0,0,0,0,1082.5,0.0,Male,0,23,Private salaried job,Work,Shared E-Rickshaw,3.0,20,50,5,5,200,1,0,1,1,22000,0.3902286740029658,0,0,No,1,0.1300762246676552,0.0
45,Majitha_Road,1,1,0,0,1090.822598013952,0.0,Male,0,23,Private salaried job,Work,Shared E-Rickshaw,3.0,20,50,5,5,200,1,0,1,1,22000,0.3902286740029658,0,0,No,1,0.1300762246676552,0.0
46,21. Vallah Bypass,0,0,0,0,173.2,0.0,Female,1,28,Homemaker,Health,Shared E-Rickshaw,3.0,10,20,2,5,200,1,0,0,1,0,1.0,0,0,No,0,0.3333333333333333,0.0
46,21. Vallah Bypass,1,1,0,0,181.247643574968,0.0,Female,1,28,Homemaker,Health,Shared E-Rickshaw,3.0,10,20,2,5,200,1,0,0,1,0,1.0,0,0,No,0,0.3333333333333333,0.0
47,29. Kachehri Chowk,0,0,0,0,346.4,0.0,Male,0,65,Private salaried job,Work,Shared E-Rickshaw,4.0,20,20,4,4,0,1,0,1,1,22000,0.3902286740029658,0,1,Yes,1,0.4634095580009886,0.0
47,29. Kachehri Chowk,1,1,0,0,350.27478379030174,0.0,Male,0,65,Private salaried job,Work,Shared E-Rickshaw,4.0,20,20,4,4,0,1,0,1,1,22000,0.3902286740029658,0,1,Yes,1,0.4634095580009886,0.0
48,5. Ghee Mandi Chowk,0,0,0,0,1212.4,0.0,Male,0,72,Private salaried job,Work,Shared E-Rickshaw,4.0,10,40,7,0,0,3,0,0,3,22000,0.3902286740029658,0,1,No,1,0.4634095580009886,0.0
48,5. Ghee Mandi Chowk,1,1,0,0,1215.2832810393024,0.0,Male,0,72,Private salaried job,Work,Shared E-Rickshaw,4.0,10,40,7,0,0,3,0,0,3,22000,0.3902286740029658,0,1,No,1,0.4634095580009886,0.0
49,21. Vallah Bypass,0,0,0,0,519.6,0.0,Male,0,25,Private salaried job,Work,Private E-Rickshaw,5.0,20,20,6,2,200,0,0,0,0,22000,0.3902286740029658,1,0,Yes,1,0.4634095580009886,0.0
49,21. Vallah Bypass,1,1,0,0,526.4249550397498,0.0,Male,0,25,Private salaried job,Work,Private E-Rickshaw,5.0,20,20,6,2,200,0,0,0,0,22000,0.3902286740029658,1,0,Yes,1,0.4634095580009886,0.0
50,12. Majitha Road Bypass,0,0,0,0,519.6,0.0,Male,0,27,Private salaried job,Work,Shared E-Rickshaw,5.0,25,20,6,5,0,1,0,1,1,22000,0.3902286740029658,0,0,No,1,0.1300762246676552,0.0
50,12. Majitha Road Bypass,1,1,0,0,520.9975248360931,0.0,Male,0,27,Private salaried job,Work,Shared E-Rickshaw,5.0,25,20,6,5,0,1,0,1,1,22000,0.3902286740029658,0,0,No,1,0.1300762246676552,0.0
51,Chattarwind_Gate,0,0,0,0,173.2,0.0,Female,1,35,Homemaker,Work,Shared E-Rickshaw,5.0,20,20,2,10,200,1,0,0,1,0,1.0,0,0,Yes,0,0.3333333333333333,0.0
51,Chattarwind_Gate,1,1,0,0,175.19908202475108,0.0,Female,1,35,Homemaker,Work,Shared E-Rickshaw,5.0,20,20,2,10,200,1,0,0,1,0,1.0,0,0,Yes,0,0.3333333333333333,0.0
52,31. Queens Road,0,0,0,0,519.6,0.0,Male,0,40,Private salaried job,Work,Shared E-Rickshaw,5.0,15,20,6,5,200,2,1,1,3,22000,0.3902286740029658,0,0,Yes,1,0.1300762246676552,0.0
52,31. Queens Road,1,1,0,0,519.67362269751,0.0,Male,0,40,Private salaried job,Work,Shared E-Rickshaw,5.0,15,20,6,5,200,2,1,1,3,22000,0.3902286740029658,0,0,Yes,1,0.1300762246676552,0.0
53,11. Loharka Road,0,0,1,0,346.4,0.0,Male,0,50,Self-employed,Shopping,Private E-Rickshaw,5.0,20,20,4,2,0,0,0,0,0,17914,0.5496761102005776,1,0,No,1,0.5165587034001925,0.0
53,11. Loharka Road,1,1,1,1,173.2,10.0,Male,0,50,Self-employed,Shopping,Private E-Rickshaw,5.0,20,20,4,2,0,0,0,0,0,17914,0.5496761102005776,1,0,No,1,0.5165587034001925,0.5165587034001925
54,20. Sultanwind gate,0,0,0,0,346.4,0.0,Female,1,50,Homemaker,Shopping,Shared E-Rickshaw,5.0,25,20,4,5,200,2,1,2,3,0,1.0,0,0,No,0,0.3333333333333333,0.0
54,20. Sultanwind gate,1,1,0,0,353.0485085659203,0.0,Female,1,50,Homemaker,Shopping,Shared E-Rickshaw,5.0,25,20,4,5,200,2,1,2,3,0,1.0,0,0,No,0,0.3333333333333333,0.0
55,35. Verka Bypass,0,0,0,0,346.4,0.0,Female,1,22,Homemaker,Work,Shared E-Rickshaw,6.0,30,20,4,5,0,0,0,1,0,0,1.0,1,0,No,0,0.6666666666666666,0.0
55,35. Verka Bypass,1,1,0,0,353.4516537862633,0.0,Female,1,22,Homemaker,Work,Shared E-Rickshaw,6.0,30,20,4,5,0,0,0,1,0,0,1.0,1,0,No,0,0.6666666666666666,0.0
56,12. Majitha Road Bypass,0,0,1,0,606.2,0.0,Male,0,32,Self-employed,Work,Shared E-Rickshaw,6.0,15,20,7,0,0,0,0,1,0,17914,0.5496761102005776,1,0,Yes,1,0.5165587034001925,0.0
56,12. Majitha Road Bypass,1,1,1,1,303.1,10.0,Male,0,32,Self-employed,Work,Shared E-Rickshaw,6.0,15,20,7,0,0,0,0,1,0,17914,0.5496761102005776,1,0,Yes,1,0.5165587034001925,0.5165587034001925
57,3. Bus stand,0,0,1,0,346.4,0.0,Female,1,28,Homemaker,Work,Shared E-Rickshaw,7.0,20,20,4,5,200,0,0,0,0,0,1.0,1,0,No,0,0.6666666666666666,0.0
57,3. Bus stand,1,1,1,1,259.8,15.0,Female,1,28,Homemaker,Work,Shared E-Rickshaw,7.0,20,20,4,5,200,0,0,0,0,0,1.0,1,0,No,0,0.6666666666666666,0.6666666666666666
58,18. Spring Dale,0,0,0,0,173.2,0.0,Male,0,50,Self-employed,Recreational,Shared E-Rickshaw,7.0,20,20,2,7,300,0,0,1,0,17914,0.5496761102005776,1,0,Yes,1,0.5165587034001925,0.0
58,18. Spring Dale,1,1,0,0,178.88741195952892,0.0,Male,0,50,Self-employed,Recreational,Shared E-Rickshaw,7.0,20,20,2,7,300,0,0,1,0,17914,0.5496761102005776,1,0,Yes,1,0.5165587034001925,0.0
59,15. Rajasansi,0,0,1,0,519.6,0.0,Male,0,20,Private salaried job,Work,Shared E-Rickshaw,8.0,25,20,6,30,500,0,0,0,0,22000,0.3902286740029658,1,0,Yes,1,0.4634095580009886,0.0
59,15. Rajasansi,1,1,1,1,389.7,15.0,Male,0,20,Private salaried job,Work,Shared E-Rickshaw,8.0,25,20,6,30,500,0,0,0,0,22000,0.3902286740029658,1,0,Yes,1,0.4634095580009886,0.4634095580009886
60,6. Gumtala Chowk,0,0,1,0,519.6,0.0,Female,1,35,Homemaker,Work,Shared E-Rickshaw,13.0,30,20,6,10,200,0,0,1,0,0,1.0,1,0,No,0,0.6666666666666666,0.0
60,6. Gumtala Chowk,1,1,1,1,519.6,20.0,Female,1,35,Homemaker,Work,Shared E-Rickshaw,13.0,30,20,6,10,200,0,0,1,0,0,1.0,1,0,No,0,0.6666666666666666,0.6666666666666666
61,3. Bus stand,0,0,0,0,779.4,0.0,Female,1,23,Student,Education,Shared E-Rickshaw,25.0,60,30,6,0,0,1,1,1,2,0,1.0,0,0,Yes,0,0.3333333333333333,0.0
61,3. Bus stand,1,1,0,0,786.0840296179047,0.0,Female,1,23,Student,Education,Shared E-Rickshaw,25.0,60,30,6,0,0,1,1,1,2,0,1.0,0,0,Yes,0,0.3333333333333333,0.0
62,33. Tara Wala pul,0,0,0,0,163.54385185185185,0.0,Male,0,24,Self-employed,Work,Two Wheeler,1.0,20,0,7,0,0,3,2,1,5,17914,0.5496761102005776,0,0,Yes,1,0.1832253700668592,0.0
62,33. Tara Wala pul,1,1,0,0,4.710962061431325,0.0,Male,0,24,Self-employed,Work,Two Wheeler,1.0,20,0,7,0,0,3,2,1,5,17914,0.5496761102005776,0,0,Yes,1,0.1832253700668592,0.0
63,25. Golden Gate,0,0,0,0,116.81703703703703,0.0,Male,0,50,Self-employed,Shopping,Two Wheeler,1.0,5,0,5,0,0,2,1,2,3,17914,0.5496761102005776,0,0,No,1,0.1832253700668592,0.0
63,25. Golden Gate,1,1,0,0,5.652361064811888,0.0,Male,0,50,Self-employed,Shopping,Two Wheeler,1.0,5,0,5,0,0,2,1,2,3,17914,0.5496761102005776,0,0,No,1,0.1832253700668592,0.0
64,30. Novelty Chowk,0,0,0,0,280.3608888888889,0.0,Male,0,27,Private salaried job,Work,Two Wheeler,2.0,10,0,6,0,0,1,1,0,2,22000,0.3902286740029658,0,0,No,1,0.1300762246676552,0.0
64,30. Novelty Chowk,1,1,0,0,7.649988574160256,0.0,Male,0,27,Private salaried job,Work,Two Wheeler,2.0,10,0,6,0,0,1,1,0,2,22000,0.3902286740029658,0,0,No,1,0.1300762246676552,0.0
65,33. Tara Wala pul,0,0,0,0,280.3608888888889,0.0,Male,0,28,Self-employed,Work,Two Wheeler,2.0,5,0,6,0,0,1,0,0,1,17914,0.5496761102005776,0,0,Yes,1,0.1832253700668592,0.0
65,33. Tara Wala pul,1,1,0,0,6.347183200005908,0.0,Male,0,28,Self-employed,Work,Two Wheeler,2.0,5,0,6,0,0,1,0,0,1,17914,0.5496761102005776,0,0,Yes,1,0.1832253700668592,0.0
66,Chattarwind_Gate,0,0,0,0,140.18044444444445,0.0,Female,1,35,Homemaker,Work,Two Wheeler,2.0,15,0,3,0,0,1,0,0,1,0,1.0,0,0,No,0,0.3333333333333333,0.0
66,Chattarwind_Gate,1,1,0,0,5.535794006579958,0.0,Female,1,35,Homemaker,Work,Two Wheeler,2.0,15,0,3,0,0,1,0,0,1,0,1.0,0,0,No,0,0.3333333333333333,0.0
67,36. Verka Railway Station,0,0,0,0,350.4511111111111,0.0,Male,0,28,Self-employed,Work,Two Wheeler,2.5,7,0,6,0,0,1,0,1,1,17914,0.5496761102005776,0,0,Yes,1,0.1832253700668592,0.0
67,36. Verka Railway Station,1,1,0,0,5.592071607454136,0.0,Male,0,28,Self-employed,Work,Two Wheeler,2.5,7,0,6,0,0,1,0,1,1,17914,0.5496761102005776,0,0,Yes,1,0.1832253700668592,0.0
68,Majitha_Road,0,0,0,0,280.3608888888889,0.0,Male,0,18,Unemployed,Work,Two Wheeler,3.0,15,0,4,0,0,1,1,0,2,0,1.0,0,0,No,0,0.3333333333333333,0.0
68,Majitha_Road,1,1,0,0,3.039500980626122,0.0,Male,0,18,Unemployed,Work,Two Wheeler,3.0,15,0,4,0,0,1,1,0,2,0,1.0,0,0,No,0,0.3333333333333333,0.0
69,17. Ratan Singh Chowk,0,0,1,0,420.54133333333334,0.0,Male,0,22,Unemployed,Work,Two Wheeler,3.0,10,0,6,0,0,3,0,0,3,0,1.0,0,0,No,0,0.3333333333333333,0.0
69,17. Ratan Singh Chowk,1,1,1,1,129.9,5.0,Male,0,22,Unemployed,Work,Two Wheeler,3.0,10,0,6,0,0,3,0,0,3,0,1.0,0,0,No,0,0.3333333333333333,0.3333333333333333
70,22. 100 feet raod,0,0,0,0,490.63155555555556,0.0,Male,0,22,Private salaried job,Work,Two Wheeler,3.0,20,0,7,0,0,2,0,0,2,22000,0.3902286740029658,0,0,No,1,0.1300762246676552,0.0
70,22. 100 feet raod,1,1,0,0,4.367173892323624,0.0,Male,0,22,Private salaried job,Work,Two Wheeler,3.0,20,0,7,0,0,2,0,0,2,22000,0.3902286740029658,0,0,No,1,0.1300762246676552,0.0
71,10. Kot Man Singh,0,0,0,0,350.4511111111111,0.0,Male,0,23,Private salaried job,Work,Two Wheeler,3.0,15,0,5,0,0,1,0,0,1,22000,0.3902286740029658,0,0,Yes,1,0.1300762246676552,0.0
71,10. Kot Man Singh,1,1,0,0,2.145846728195292,0.0,Male,0,23,Private salaried job,Work,Two Wheeler,3.0,15,0,5,0,0,1,0,0,1,22000,0.3902286740029658,0,0,Yes,1,0.1300762246676552,0.0
72,27. Hussainpura Chowk,0,0,0,0,280.3608888888889,0.0,Female,1,45,Homemaker,Shopping,Two Wheeler,3.0,10,0,4,0,0,2,0,1,2,0,1.0,0,0,Yes,0,0.3333333333333333,0.0
72,27. Hussainpura Chowk,1,1,0,0,4.085286437246362,0.0,Female,1,45,Homemaker,Shopping,Two Wheeler,3.0,10,0,4,0,0,2,0,1,2,0,1.0,0,0,Yes,0,0.3333333333333333,0.0
73,10. Kot Man Singh,0,0,0,0,420.54133333333334,0.0,Male,0,48,Self-employed,Work,Two Wheeler,3.0,10,0,6,0,0,2,1,0,3,17914,0.5496761102005776,0,0,No,1,0.1832253700668592,0.0
73,10. Kot Man Singh,1,1,0,0,8.53403073268166,0.0,Male,0,48,Self-employed,Work,Two Wheeler,3.0,10,0,6,0,0,2,1,0,3,17914,0.5496761102005776,0,0,No,1,0.1832253700668592,0.0
74,17. Ratan Singh Chowk,0,0,0,0,420.54133333333334,0.0,Male,0,60,Private salaried job,Work,Two Wheeler,3.0,10,0,6,0,0,1,1,1,2,22000,0.3902286740029658,0,1,No,1,0.4634095580009886,0.0
74,17. Ratan Singh Chowk,1,1,0,0,2.3393948586534075,0.0,Male,0,60,Private salaried job,Work,Two Wheeler,3.0,10,0,6,0,0,1,1,1,2,22000,0.3902286740029658,0,1,No,1,0.4634095580009886,0.0
75,2. Amritsar Engineering College,0,0,0,0,467.2681481481481,0.0,Female,1,24,Student,Education,Two Wheeler,4.0,25,0,5,0,200,1,0,1,1,0,1.0,0,0,No,0,0.3333333333333333,0.0
75,2. Amritsar Engineering College,1,1,0,0,0.5830274168906602,0.0,Female,1,24,Student,Education,Two Wheeler,4.0,25,0,5,0,200,1,0,1,1,0,1.0,0,0,No,0,0.3333333333333333,0.0
76,5. Ghee Mandi Chowk,0,0,0,0,817.7192592592593,0.0,Male,0,38,Self-employed,Work,Two Wheeler,5.0,7,0,7,0,0,1,0,1,1,17914,0.5496761102005776,0,0,Yes,1,0.1832253700668592,0.0
76,5. Ghee Mandi Chowk,1,1,0,0,2.8138389202199656,0.0,Male,0,38,Self-employed,Work,Two Wheeler,5.0,7,0,7,0,0,1,0,1,1,17914,0.5496761102005776,0,0,Yes,1,0.1832253700668592,0.0
77,3. Bus stand,0,0,0,0,700.9022222222222,0.0,Female,1,25,Homemaker,Health,Two Wheeler,6.0,20,0,5,0,0,1,0,0,1,0,1.0,0,0,No,0,0.3333333333333333,0.0
77,3. Bus stand,1,1,0,0,2.935937577666836,0.0,Female,1,25,Homemaker,Health,Two Wheeler,6.0,20,0,5,0,0,1,0,0,1,0,1.0,0,0,No,0,0.3333333333333333,0.0
78,32. Railway Station,0,0,0,0,841.0826666666667,0.0,Male,0,39,Private salaried job,Work,Two Wheeler,6.0,10,0,6,0,0,5,1,0,6,22000,0.3902286740029658,0,0,Yes,1,0.1300762246676552,0.0
78,32. Railway Station,1,1,0,0,6.619165147268951,0.0,Male,0,39,Private salaried job,Work,Two Wheeler,6.0,10,0,6,0,0,5,1,0,6,22000,0.3902286740029658,0,0,Yes,1,0.1300762246676552,0.0
79,3. Bus stand,0,0,0,0,981.2631111111111,0.0,Male,0,32,Private salaried job,Work,Two Wheeler,7.0,30,0,6,0,0,2,0,0,2,22000,0.3902286740029658,0,0,Yes,1,0.1300762246676552,0.0
79,3. Bus stand,1,1,0,0,5.570321523412783,0.0,Male,0,32,Private salaried job,Work,Two Wheeler,7.0,30,0,6,0,0,2,0,0,2,22000,0.3902286740029658,0,0,Yes,1,0.1300762246676552,0.0
80,1. 100 ft road Chowk,0,0,1,0,1121.4435555555556,0.0,Male,0,21,Self-employed,Work,Two Wheeler,8.0,35,0,6,0,0,1,1,1,2,17914,0.5496761102005776,0,0,Yes,1,0.1832253700668592,0.0
80,1. 100 ft road Chowk,1,1,1,1,389.7,15.0,Male,0,21,Self-employed,Work,Two Wheeler,8.0,35,0,6,0,0,1,1,1,2,17914,0.5496761102005776,0,0,Yes,1,0.1832253700668592,0.1832253700668592
81,2. Amritsar Engineering College,0,0,1,0,1051.3533333333335,0.0,Male,0,19,Student,Education,Two Wheeler,9.0,20,0,5,0,0,3,2,1,5,0,1.0,0,0,Yes,0,0.3333333333333333,0.0
81,2. Amritsar Engineering College,1,1,1,1,324.75,15.0,Male,0,19,Student,Education,Two Wheeler,9.0,20,0,5,0,0,3,2,1,5,0,1.0,0,0,Yes,0,0.3333333333333333,0.3333333333333333
82,14. Municipal Corporation,0,0,0,0,1635.4385185185185,0.0,Male,0,45,Private salaried job,Work,Two Wheeler,10.0,15,0,7,0,0,1,0,0,1,22000,0.3902286740029658,0,0,No,1,0.1300762246676552,0.0
82,14. Municipal Corporation,1,1,0,0,4.063868614400706,0.0,Male,0,45,Private salaried job,Work,Two Wheeler,10.0,15,0,7,0,0,1,0,0,1,22000,0.3902286740029658,0,0,No,1,0.1300762246676552,0.0
83,26. Guru Harkrishan School,0,0,0,0,1401.8044444444445,0.0,Female,1,17,Student,Education,Two Wheeler,12.0,20,0,5,0,0,2,1,1,3,0,1.0,0,0,No,0,0.3333333333333333,0.0
83,26. Guru Harkrishan School,1,1,0,0,8.140203846660347,0.0,Female,1,17,Student,Education,Two Wheeler,12.0,20,0,5,0,0,2,1,1,3,0,1.0,0,0,No,0,0.3333333333333333,0.0
84,15. Rajasansi,0,0,0,0,280.3608888888889,0.0,Male,0,62,Self-employed,Religious,Two Wheeler,12.0,30,0,1,0,0,2,0,1,2,17914,0.5496761102005776,0,1,Yes,1,0.5165587034001925,0.0
84,15. Rajasansi,1,1,0,0,1.669729199077039,0.0,Male,0,62,Self-employed,Religious,Two Wheeler,12.0,30,0,1,0,0,2,0,1,2,17914,0.5496761102005776,0,1,Yes,1,0.5165587034001925,0.0
85,2. Amritsar Engineering College,0,0,0,0,1752.2555555555555,0.0,Male,0,25,Student,Education,Two Wheeler,15.0,30,0,5,0,0,2,1,1,3,0,1.0,0,0,No,0,0.3333333333333333,0.0
85,2. Amritsar Engineering College,1,1,0,0,0.2271207313386047,0.0,Male,0,25,Student,Education,Two Wheeler,15.0,30,0,5,0,0,2,1,1,3,0,1.0,0,0,No,0,0.3333333333333333,0.0
86,3. Bus stand,0,0,1,0,3364.3306666666667,0.0,Male,0,23,Private salaried job,Work,Two Wheeler,24.0,35,0,6,0,0,1,1,0,2,22000,0.3902286740029658,0,0,Yes,1,0.1300762246676552,0.0
86,3. Bus stand,1,1,1,1,779.4,30.0,Male,0,23,Private salaried job,Work,Two Wheeler,24.0,35,0,6,0,0,1,1,0,2,22000,0.3902286740029658,0,0,Yes,1,0.1300762246676552,0.1300762246676552
87,18. Spring Dale,0,0,0,0,129.9,0.0,Male,0,17,Student,Education,Shared Autorickshaw,1.0,5,10,3,2,1000,0,0,0,0,0,1.0,1,0,No,0,0.6666666666666666,0.0
87,18. Spring Dale,1,1,0,0,137.12359350596452,0.0,Male,0,17,Student,Education,Shared Autorickshaw,1.0,5,10,3,2,1000,0,0,0,0,0,1.0,1,0,No,0,0.6666666666666666,0.0
88,7. Guru Ram Das Charitable Hospital,0,0,0,0,259.8,0.0,Male,0,65,Self-employed,Work,Shared Autorickshaw,1.5,15,10,6,0,0,0,0,0,0,17914,0.5496761102005776,1,1,Yes,1,0.8498920367335258,0.0
88,7. Guru Ram Das Charitable Hospital,1,1,0,0,264.4187723025139,0.0,Male,0,65,Self-employed,Work,Shared Autorickshaw,1.5,15,10,6,0,0,0,0,0,0,17914,0.5496761102005776,1,1,Yes,1,0.8498920367335258,0.0
89,26. Guru Harkrishan School,0,0,0,0,259.8,0.0,Female,1,15,Student,Education,Shared Autorickshaw,2.0,10,20,3,0,50,2,0,0,2,0,1.0,0,0,Yes,0,0.3333333333333333,0.0
89,26. Guru Harkrishan School,1,1,0,0,261.41271779033605,0.0,Female,1,15,Student,Education,Shared Autorickshaw,2.0,10,20,3,0,50,2,0,0,2,0,1.0,0,0,Yes,0,0.3333333333333333,0.0
90,22. 100 feet raod,0,0,0,0,606.2,0.0,Female,1,21,Student,Education,Shared Autorickshaw,2.0,20,20,7,2,200,1,1,0,2,0,1.0,0,0,No,0,0.3333333333333333,0.0
90,22. 100 feet raod,1,1,0,0,611.2104477510337,0.0,Female,1,21,Student,Education,Shared Autorickshaw,2.0,20,20,7,2,200,1,1,0,2,0,1.0,0,0,No,0,0.3333333333333333,0.0
91,1. 100 ft road Chowk,0,0,0,0,259.8,0.0,Male,0,25,Private salaried job,Work,Shared Autorickshaw,2.0,15,10,6,0,0,0,0,0,0,22000,0.3902286740029658,1,0,Yes,1,0.4634095580009886,0.0
91,1. 100 ft road Chowk,1,1,0,0,261.3231210271317,0.0,Male,0,25,Private salaried job,Work,Shared Autorickshaw,2.0,15,10,6,0,0,0,0,0,0,22000,0.3902286740029658,1,0,Yes,1,0.4634095580009886,0.0
92,33. Tara Wala pul,0,0,0,0,909.3,0.0,Male,0,28,Labourer,Work,Shared Autorickshaw,2.0,10,30,7,10,3000,1,1,1,2,13650,0.7160696167954421,0,0,No,1,0.2386898722651473,0.0
92,33. Tara Wala pul,1,1,0,0,916.2632037507772,0.0,Male,0,28,Labourer,Work,Shared Autorickshaw,2.0,10,30,7,10,3000,1,1,1,2,13650,0.7160696167954421,0,0,No,1,0.2386898722651473,0.0
93,15. Rajasansi,0,0,0,0,519.6,0.0,Female,1,28,Homemaker,Work,Shared Autorickshaw,2.0,10,20,6,25,200,0,0,0,0,0,1.0,1,0,No,0,0.6666666666666666,0.0
93,15. Rajasansi,1,1,0,0,524.0615627557403,0.0,Female,1,28,Homemaker,Work,Shared Autorickshaw,2.0,10,20,6,25,200,0,0,0,0,0,1.0,1,0,No,0,0.6666666666666666,0.0
94,10. Kot Man Singh,0,0,1,0,1039.2,0.0,Female,1,32,Self-employed,Work,Shared Autorickshaw,2.0,10,40,6,0,0,1,0,0,1,6374,1.0,0,0,No,1,0.3333333333333333,0.0
94,10. Kot Man Singh,1,1,1,1,129.9,5.0,Female,1,32,Self-employed,Work,Shared Autorickshaw,2.0,10,40,6,0,0,1,0,0,1,6374,1.0,0,0,No,1,0.3333333333333333,0.3333333333333333
95,32. Railway Station,0,0,0,0,259.8,0.0,Male,0,47,Self-employed,Work,Shared Autorickshaw,2.0,10,10,6,0,0,2,0,0,2,17914,0.5496761102005776,0,0,Yes,1,0.1832253700668592,0.0
95,32. Railway Station,1,1,0,0,262.8151208914788,0.0,Male,0,47,Self-employed,Work,Shared Autorickshaw,2.0,10,10,6,0,0,2,0,0,2,17914,0.5496761102005776,0,0,Yes,1,0.1832253700668592,0.0
96,10. Kot Man Singh,0,0,0,0,346.4,0.0,Male,0,54,Self-employed,Work,Shared Autorickshaw,2.0,5,20,4,2,0,0,0,1,0,17914,0.5496761102005776,1,0,No,1,0.5165587034001925,0.0
96,10. Kot Man Singh,1,1,0,0,352.70282593118884,0.0,Male,0,54,Self-employed,Work,Shared Autorickshaw,2.0,5,20,4,2,0,0,0,1,0,17914,0.5496761102005776,1,0,No,1,0.5165587034001925,0.0
97,30. Novelty Chowk,0,0,0,0,173.2,0.0,Male,0,56,Private salaried job,Work,Shared Autorickshaw,2.0,15,20,2,10,600,1,0,1,1,22000,0.3902286740029658,0,0,No,1,0.1300762246676552,0.0
97,30. Novelty Chowk,1,1,0,0,176.8181261055339,0.0,Male,0,56,Private salaried job,Work,Shared Autorickshaw,2.0,15,20,2,10,600,1,0,1,1,22000,0.3902286740029658,0,0,No,1,0.1300762246676552,0.0
98,Chattarwind_Gate,0,0,0,0,519.6,0.0,Female,1,30,Self-employed,Work,Shared Autorickshaw,2.5,30,20,6,2,200,0,0,0,0,6374,1.0,1,0,No,1,0.6666666666666666,0.0
98,Chattarwind_Gate,1,1,0,0,520.4764991931611,0.0,Female,1,30,Self-employed,Work,Shared Autorickshaw,2.5,30,20,6,2,200,0,0,0,0,6374,1.0,1,0,No,1,0.6666666666666666,0.0
99,26. Guru Harkrishan School,0,0,0,0,346.4,0.0,Female,1,18,Student,Education,Shared Autorickshaw,3.0,20,20,4,5,100,2,1,0,3,0,1.0,0,0,No,0,0.3333333333333333,0.0
99,26. Guru Harkrishan School,1,1,0,0,347.5800590212051,0.0,Female,1,18,Student,Education,Shared Autorickshaw,3.0,20,20,4,5,100,2,1,0,3,0,1.0,0,0,No,0,0.3333333333333333,0.0
100,32. Railway Station,0,0,0,0,519.6,0.0,Female,1,22,Student,Education,Shared Autorickshaw,3.0,10,20,6,0,200,2,0,1,2,0,1.0,0,0,Yes,0,0.3333333333333333,0.0
100,32. Railway Station,1,1,0,0,529.2189766454952,0.0,Female,1,22,Student,Education,Shared Autorickshaw,3.0,10,20,6,0,200,2,0,1,2,0,1.0,0,0,Yes,0,0.3333333333333333,0.0
101,34. Valmiki Chowk,0,0,0,0,606.2,0.0,Female,1,23,Private salaried job,Work,Shared Autorickshaw,3.0,10,20,7,10,150,2,0,1,2,17000,0.5853430110044486,0,0,Yes,1,0.1951143370014828,0.0
101,34. Valmiki Chowk,1,1,0,0,615.2858069070761,0.0,Female,1,23,Private salaried job,Work,Shared Autorickshaw,3.0,10,20,7,10,150,2,0,1,2,17000,0.5853430110044486,0,0,Yes,1,0.1951143370014828,0.0
102,34. Valmiki Chowk,0,0,1,0,606.2,0.0,Female,1,23,Private salaried job,Work,Shared Autorickshaw,3.0,15,20,7,10,0,1,0,0,1,17000,0.5853430110044486,0,0,Yes,1,0.1951143370014828,0.0
102,34. Valmiki Chowk,1,1,1,1,151.55,5.0,Female,1,23,Private salaried job,Work,Shared Autorickshaw,3.0,15,20,7,10,0,1,0,0,1,17000,0.5853430110044486,0,0,Yes,1,0.1951143370014828,0.1951143370014828
103,29. Kachehri Chowk,0,0,0,0,259.8,0.0,Female,1,24,Private salaried job,Work,Shared Autorickshaw,3.0,15,10,6,2,0,2,1,0,3,17000,0.5853430110044486,0,0,No,1,0.1951143370014828,0.0
103,29. Kachehri Chowk,1,1,0,0,262.4586996145952,0.0,Female,1,24,Private salaried job,Work,Shared Autorickshaw,3.0,15,10,6,2,0,2,1,0,3,17000,0.5853430110044486,0,0,No,1,0.1951143370014828,0.0
104,3. Bus stand,0,0,1,0,173.2,0.0,Male,0,25,Self-employed,Health,Shared Autorickshaw,3.0,10,20,2,0,0,1,1,0,2,17914,0.5496761102005776,0,0,Yes,1,0.1832253700668592,0.0
104,3. Bus stand,1,1,1,1,43.3,5.0,Male,0,25,Self-employed,Health,Shared Autorickshaw,3.0,10,20,2,0,0,1,1,0,2,17914,0.5496761102005776,0,0,Yes,1,0.1832253700668592,0.1832253700668592
105,14. Municipal Corporation,0,0,0,0,173.2,0.0,Male,0,51,Labourer,Work,Shared Autorickshaw,3.0,15,20,2,3,200,0,0,0,0,13650,0.7160696167954421,1,0,No,1,0.5720232055984807,0.0
105,14. Municipal Corporation,1,1,0,0,180.987509039658,0.0,Male,0,51,Labourer,Work,Shared Autorickshaw,3.0,15,20,2,3,200,0,0,0,0,13650,0.7160696167954421,1,0,No,1,0.5720232055984807,0.0
106,33. Tara Wala pul,0,0,0,0,303.1,0.0,Male,0,58,Private salaried job,Work,Shared Autorickshaw,3.0,7,10,7,5,1000,1,0,0,1,22000,0.3902286740029658,0,0,Yes,1,0.1300762246676552,0.0
106,33. Tara Wala pul,1,1,0,0,310.26890189159,0.0,Male,0,58,Private salaried job,Work,Shared Autorickshaw,3.0,7,10,7,5,1000,1,0,0,1,22000,0.3902286740029658,0,0,Yes,1,0.1300762246676552,0.0
107,17. Ratan Singh Chowk,0,0,0,0,519.6,0.0,Male,0,65,Self-employed,Work,Shared Autorickshaw,3.0,30,20,6,0,0,0,0,0,0,17914,0.5496761102005776,1,1,Yes,1,0.8498920367335258,0.0
107,17. Ratan Singh Chowk,1,1,0,0,524.0936150214379,0.0,Male,0,65,Self-employed,Work,Shared Autorickshaw,3.0,30,20,6,0,0,0,0,0,0,17914,0.5496761102005776,1,1,Yes,1,0.8498920367335258,0.0
108,26. Guru Harkrishan School,0,0,1,0,519.6,0.0,Female,1,23,Student,Education,Shared Autorickshaw,4.0,10,20,6,2,50,2,1,1,3,0,1.0,0,0,Yes,0,0.3333333333333333,0.0
108,26. Guru Harkrishan School,1,1,1,1,259.8,10.0,Female,1,23,Student,Education,Shared Autorickshaw,4.0,10,20,6,2,50,2,1,1,3,0,1.0,0,0,Yes,0,0.3333333333333333,0.3333333333333333
109,29. Kachehri Chowk,0,0,0,0,606.2,0.0,Male,0,35,Private salaried job,Work,Shared Autorickshaw,4.0,5,20,7,0,0,1,0,1,1,22000,0.3902286740029658,0,0,Yes,1,0.1300762246676552,0.0
109,29. Kachehri Chowk,1,1,0,0,607.163909621535,0.0,Male,0,35,Private salaried job,Work,Shared Autorickshaw,4.0,5,20,7,0,0,1,0,1,1,22000,0.3902286740029658,0,0,Yes,1,0.1300762246676552,0.0
110,17. Ratan Singh Chowk,0,0,0,0,519.6,0.0,Male,0,56,Self-employed,Work,Shared Autorickshaw,4.0,20,20,6,0,0,3,0,1,3,17914,0.5496761102005776,0,0,Yes,1,0.1832253700668592,0.0
110,17. Ratan Singh Chowk,1,1,0,0,528.6260239654384,0.0,Male,0,56,Self-employed,Work,Shared Autorickshaw,4.0,20,20,6,0,0,3,0,1,3,17914,0.5496761102005776,0,0,Yes,1,0.1832253700668592,0.0
111,22. 100 feet raod,0,0,0,0,649.5,0.0,Male,0,23,Labourer,Religious,Shared Autorickshaw,5.0,25,30,5,10,150,1,0,1,1,13650,0.7160696167954421,0,0,Yes,1,0.2386898722651473,0.0
111,22. 100 feet raod,1,1,0,0,654.0577628983361,0.0,Male,0,23,Labourer,Religious,Shared Autorickshaw,5.0,25,30,5,10,150,1,0,1,1,13650,0.7160696167954421,0,0,Yes,1,0.2386898722651473,0.0
112,33. Tara Wala pul,0,0,0,0,1039.2,0.0,Male,0,25,Private salaried job,Work,Shared Autorickshaw,5.0,10,40,6,3,0,1,0,1,1,22000,0.3902286740029658,0,0,Yes,1,0.1300762246676552,0.0
112,33. Tara Wala pul,1,1,0,0,1041.2236336479525,0.0,Male,0,25,Private salaried job,Work,Shared Autorickshaw,5.0,10,40,6,3,0,1,0,1,1,22000,0.3902286740029658,0,0,Yes,1,0.1300762246676552,0.0
113,8. Hall Gate,0,0,0,0,519.6,0.0,Female,1,25,Private salaried job,Work,Shared Autorickshaw,5.0,30,40,3,2,0,0,0,0,0,17000,0.5853430110044486,1,0,Yes,1,0.5284476703348162,0.0
113,8. Hall Gate,1,1,0,0,522.6595662415066,0.0,Female,1,25,Private salaried job,Work,Shared Autorickshaw,5.0,30,40,3,2,0,0,0,0,0,17000,0.5853430110044486,1,0,Yes,1,0.5284476703348162,0.0
114,21. Vallah Bypass,0,0,0,0,519.6,0.0,Female,1,25,Student,Education,Shared Autorickshaw,5.0,30,20,6,15,0,1,1,1,2,0,1.0,0,0,Yes,0,0.3333333333333333,0.0
114,21. Vallah Bypass,1,1,0,0,525.3921956894189,0.0,Female,1,25,Student,Education,Shared Autorickshaw,5.0,30,20,6,15,0,1,1,1,2,0,1.0,0,0,Yes,0,0.3333333333333333,0.0
115,3. Bus stand,0,0,0,0,606.2,0.0,Male,0,26,Self-employed,Work,Shared Autorickshaw,5.0,15,20,7,7,0,2,0,0,2,17914,0.5496761102005776,0,0,Yes,1,0.1832253700668592,0.0
115,3. Bus stand,1,1,0,0,607.9677278293924,0.0,Male,0,26,Self-employed,Work,Shared Autorickshaw,5.0,15,20,7,7,0,2,0,0,2,17914,0.5496761102005776,0,0,Yes,1,0.1832253700668592,0.0
116,3. Bus stand,0,0,0,0,519.6,0.0,Female,1,26,Student,Education,Shared Autorickshaw,5.0,20,20,6,5,50,2,0,0,2,0,1.0,0,0,No,0,0.3333333333333333,0.0
116,3. Bus stand,1,1,0,0,528.1661428409237,0.0,Female,1,26,Student,Education,Shared Autorickshaw,5.0,20,20,6,5,50,2,0,0,2,0,1.0,0,0,No,0,0.3333333333333333,0.0
117,21. Vallah Bypass,0,0,0,0,606.2,0.0,Male,0,34,Self-employed,Work,Shared Autorickshaw,5.0,15,20,7,0,150,2,0,0,2,17914,0.5496761102005776,0,0,No,1,0.1832253700668592,0.0
117,21. Vallah Bypass,1,1,0,0,613.7851952983522,0.0,Male,0,34,Self-employed,Work,Shared Autorickshaw,5.0,15,20,7,0,150,2,0,0,2,17914,0.5496761102005776,0,0,No,1,0.1832253700668592,0.0
118,10. Kot Man Singh,0,0,0,0,259.8,0.0,Male,0,35,Private salaried job,Work,Shared Autorickshaw,5.0,20,20,3,2,200,2,0,1,2,22000,0.3902286740029658,0,0,Yes,1,0.1300762246676552,0.0
118,10. Kot Man Singh,1,1,0,0,266.9946295595094,0.0,Male,0,35,Private salaried job,Work,Shared Autorickshaw,5.0,20,20,3,2,200,2,0,1,2,22000,0.3902286740029658,0,0,Yes,1,0.1300762246676552,0.0
119,18. Spring Dale,0,0,0,0,1299.0,0.0,Male,0,54,Self-employed,Work,Shared Autorickshaw,5.0,10,150,2,2,100,1,0,0,1,17914,0.5496761102005776,0,0,No,1,0.1832253700668592,0.0
119,18. Spring Dale,1,1,0,0,1303.320930397751,0.0,Male,0,54,Self-employed,Work,Shared Autorickshaw,5.0,10,150,2,2,100,1,0,0,1,17914,0.5496761102005776,0,0,No,1,0.1832253700668592,0.0
120,29. Kachehri Chowk,0,0,0,0,606.2,0.0,Male,0,18,Private salaried job,Work,Shared Autorickshaw,6.0,15,20,7,0,0,1,0,0,1,22000,0.3902286740029658,0,0,No,1,0.1300762246676552,0.0
120,29. Kachehri Chowk,1,1,0,0,612.4730884070245,0.0,Male,0,18,Private salaried job,Work,Shared Autorickshaw,6.0,15,20,7,0,0,1,0,0,1,22000,0.3902286740029658,0,0,No,1,0.1300762246676552,0.0
121,8. Hall Gate,0,0,0,0,519.6,0.0,Female,1,18,Student,Work,Shared Autorickshaw,6.0,10,20,6,5,0,1,0,1,1,0,1.0,0,0,Yes,0,0.3333333333333333,0.0
121,8. Hall Gate,1,1,0,0,525.4409796891274,0.0,Female,1,18,Student,Work,Shared Autorickshaw,6.0,10,20,6,5,0,1,0,1,1,0,1.0,0,0,Yes,0,0.3333333333333333,0.0
122,3. Bus stand,0,0,0,0,606.2,0.0,Female,1,20,Private salaried job,Work,Shared Autorickshaw,6.0,60,20,7,15,0,0,0,1,0,17000,0.5853430110044486,1,0,No,1,0.5284476703348162,0.0
122,3. Bus stand,1,1,0,0,612.6984660155482,0.0,Female,1,20,Private salaried job,Work,Shared Autorickshaw,6.0,60,20,7,15,0,0,0,1,0,17000,0.5853430110044486,1,0,No,1,0.5284476703348162,0.0
123,5. Ghee Mandi Chowk,0,0,0,0,606.2,0.0,Male,0,26,Labourer,Work,Shared Autorickshaw,6.0,30,20,7,15,500,0,0,0,0,13650,0.7160696167954421,1,0,Yes,1,0.5720232055984807,0.0
123,5. Ghee Mandi Chowk,1,1,0,0,607.044443211399,0.0,Male,0,26,Labourer,Work,Shared Autorickshaw,6.0,30,20,7,15,500,0,0,0,0,13650,0.7160696167954421,1,0,Yes,1,0.5720232055984807,0.0
124,Chattarwind_Gate,0,0,0,0,173.2,0.0,Female,1,30,Homemaker,Recreational,Shared Autorickshaw,6.0,15,20,2,0,200,1,0,0,1,0,1.0,0,0,No,0,0.3333333333333333,0.0
124,Chattarwind_Gate,1,1,0,0,177.35807402170607,0.0,Female,1,30,Homemaker,Recreational,Shared Autorickshaw,6.0,15,20,2,0,200,1,0,0,1,0,1.0,0,0,No,0,0.3333333333333333,0.0
125,11. Loharka Road,0,0,0,0,1212.4,0.0,Male,0,38,Private salaried job,Work,Shared Autorickshaw,6.0,30,40,7,10,0,2,0,0,2,22000,0.3902286740029658,0,0,Yes,1,0.1300762246676552,0.0
125,11. Loharka Road,1,1,0,0,1212.816141738619,0.0,Male,0,38,Private salaried job,Work,Shared Autorickshaw,6.0,30,40,7,10,0,2,0,0,2,22000,0.3902286740029658,0,0,Yes,1,0.1300762246676552,0.0
126,32. Railway Station,0,0,0,0,346.4,0.0,Male,0,55,Private salaried job,Work,Shared Autorickshaw,6.0,30,40,2,0,0,1,0,0,1,22000,0.3902286740029658,0,0,Yes,1,0.1300762246676552,0.0
126,32. Railway Station,1,1,0,0,351.3399081924452,0.0,Male,0,55,Private salaried job,Work,Shared Autorickshaw,6.0,30,40,2,0,0,1,0,0,1,22000,0.3902286740029658,0,0,Yes,1,0.1300762246676552,0.0
127,19. Sultanwind,0,0,1,0,346.4,0.0,Female,1,60,Unemployed,Health,Shared Autorickshaw,6.0,30,20,4,0,0,1,0,0,1,0,1.0,0,1,No,0,0.6666666666666666,0.0
127,19. Sultanwind,1,1,1,1,173.2,10.0,Female,1,60,Unemployed,Health,Shared Autorickshaw,6.0,30,20,4,0,0,1,0,0,1,0,1.0,0,1,No,0,0.6666666666666666,0.6666666666666666
128,19. Sultanwind,0,0,0,0,86.6,0.0,Male,0,25,Private salaried job,Recreational,Shared Autorickshaw,7.0,15,20,1,5,0,0,0,0,0,22000,0.3902286740029658,1,0,No,1,0.4634095580009886,0.0
128,19. Sultanwind,1,1,0,0,88.04524188866046,0.0,Male,0,25,Private salaried job,Recreational,Shared Autorickshaw,7.0,15,20,1,5,0,0,0,0,0,22000,0.3902286740029658,1,0,No,1,0.4634095580009886,0.0
129,25. Golden Gate,0,0,0,0,259.8,0.0,Female,1,25,Homemaker,Health,Shared Autorickshaw,7.0,15,20,3,5,100,1,0,1,1,0,1.0,0,0,No,0,0.3333333333333333,0.0
129,25. Golden Gate,1,1,0,0,260.83402967722554,0.0,Female,1,25,Homemaker,Health,Shared Autorickshaw,7.0,15,20,3,5,100,1,0,1,1,0,1.0,0,0,No,0,0.3333333333333333,0.0
130,36. Verka Railway Station,0,0,0,0,519.6,0.0,Male,0,71,Self-employed,Work,Shared Autorickshaw,7.0,30,20,6,0,0,0,0,1,0,17914,0.5496761102005776,1,1,Yes,1,0.8498920367335258,0.0
130,36. Verka Railway Station,1,1,0,0,525.4764457217772,0.0,Male,0,71,Self-employed,Work,Shared Autorickshaw,7.0,30,20,6,0,0,0,0,1,0,17914,0.5496761102005776,1,1,Yes,1,0.8498920367335258,0.0
131,2. Amritsar Engineering College,0,0,0,0,346.4,0.0,Male,0,18,Student,Education,Shared Autorickshaw,8.0,30,20,4,5,0,1,1,0,2,0,1.0,0,0,No,0,0.3333333333333333,0.0
131,2. Amritsar Engineering College,1,1,0,0,348.10592968536884,0.0,Male,0,18,Student,Education,Shared Autorickshaw,8.0,30,20,4,5,0,1,1,0,2,0,1.0,0,0,No,0,0.3333333333333333,0.0
132,Chattarwind_Gate,0,0,0,0,519.6,0.0,Male,0,19,Self-employed,Work,Shared Autorickshaw,8.0,15,20,6,2,250,1,1,0,2,17914,0.5496761102005776,0,0,No,1,0.1832253700668592,0.0
132,Chattarwind_Gate,1,1,0,0,528.851201183768,0.0,Male,0,19,Self-employed,Work,Shared Autorickshaw,8.0,15,20,6,2,250,1,1,0,2,17914,0.5496761102005776,0,0,No,1,0.1832253700668592,0.0
133,14. Municipal Corporation,0,0,0,0,173.2,0.0,Male,0,23,Self-employed,Work,Shared Autorickshaw,8.0,30,40,1,5,500,1,1,1,2,17914,0.5496761102005776,0,0,No,1,0.1832253700668592,0.0
133,14. Municipal Corporation,1,1,0,0,179.01061139700394,0.0,Male,0,23,Self-employed,Work,Shared Autorickshaw,8.0,30,40,1,5,500,1,1,1,2,17914,0.5496761102005776,0,0,No,1,0.1832253700668592,0.0
134,21. Vallah Bypass,0,0,1,0,346.4,0.0,Male,0,40,Self-employed,Shopping,Shared Autorickshaw,8.0,15,20,4,7,100,1,0,0,1,17914,0.5496761102005776,0,0,No,1,0.1832253700668592,0.0
134,21. Vallah Bypass,1,1,1,1,259.8,15.0,Male,0,40,Self-employed,Shopping,Shared Autorickshaw,8.0,15,20,4,7,100,1,0,0,1,17914,0.5496761102005776,0,0,No,1,0.1832253700668592,0.1832253700668592
135,14. Municipal Corporation,0,0,0,0,519.6,0.0,Male,0,45,Self-employed,Work,Shared Autorickshaw,8.0,30,20,6,15,600,1,0,0,1,17914,0.5496761102005776,0,0,Yes,1,0.1832253700668592,0.0
135,14. Municipal Corporation,1,1,0,0,525.5091549148142,0.0,Male,0,45,Self-employed,Work,Shared Autorickshaw,8.0,30,20,6,15,600,1,0,0,1,17914,0.5496761102005776,0,0,Yes,1,0.1832253700668592,0.0
136,19. Sultanwind,0,0,0,0,3897.0,0.0,Female,1,48,Private salaried job,Work,Shared Autorickshaw,8.0,30,150,6,15,400,1,0,0,1,17000,0.5853430110044486,0,0,Yes,1,0.1951143370014828,0.0
136,19. Sultanwind,1,1,0,0,3897.228038710297,0.0,Female,1,48,Private salaried job,Work,Shared Autorickshaw,8.0,30,150,6,15,400,1,0,0,1,17000,0.5853430110044486,0,0,Yes,1,0.1951143370014828,0.0
137,12. Majitha Road Bypass,0,0,0,0,519.6,0.0,Male,0,18,Private salaried job,Work,Shared Autorickshaw,9.0,20,20,6,0,0,0,0,0,0,22000,0.3902286740029658,1,0,No,1,0.4634095580009886,0.0
137,12. Majitha Road Bypass,1,1,0,0,529.1855921324145,0.0,Male,0,18,Private salaried job,Work,Shared Autorickshaw,9.0,20,20,6,0,0,0,0,0,0,22000,0.3902286740029658,1,0,No,1,0.4634095580009886,0.0
138,11. Loharka Road,0,0,0,0,779.4,0.0,Male,0,30,Self-employed,Work,Shared Autorickshaw,9.0,30,30,6,15,100,1,0,0,1,17914,0.5496761102005776,0,0,Yes,1,0.1832253700668592,0.0
138,11. Loharka Road,1,1,0,0,784.223034369429,0.0,Male,0,30,Self-employed,Work,Shared Autorickshaw,9.0,30,30,6,15,100,1,0,0,1,17914,0.5496761102005776,0,0,Yes,1,0.1832253700668592,0.0
139,3. Bus stand,0,0,0,0,519.6,0.0,Female,1,20,Student,Education,Shared Autorickshaw,10.0,20,20,6,5,100,2,1,1,3,0,1.0,0,0,No,0,0.3333333333333333,0.0
139,3. Bus stand,1,1,0,0,527.4273522725028,0.0,Female,1,20,Student,Education,Shared Autorickshaw,10.0,20,20,6,5,100,2,1,1,3,0,1.0,0,0,No,0,0.3333333333333333,0.0
140,36. Verka Railway Station,0,0,0,0,692.8,0.0,Male,0,22,Student,Education,Shared Autorickshaw,10.0,60,40,4,0,0,0,0,1,0,0,1.0,1,0,Yes,0,0.6666666666666666,0.0
140,36. Verka Railway Station,1,1,0,0,693.6272999992243,0.0,Male,0,22,Student,Education,Shared Autorickshaw,10.0,60,40,4,0,0,0,0,1,0,0,1.0,1,0,Yes,0,0.6666666666666666,0.0
141,2. Amritsar Engineering College,0,0,0,0,433.0,0.0,Male,0,23,Student,Education,Shared Autorickshaw,10.0,30,20,5,15,200,1,0,1,1,0,1.0,0,0,No,0,0.3333333333333333,0.0
141,2. Amritsar Engineering College,1,1,0,0,437.8665833083816,0.0,Male,0,23,Student,Education,Shared Autorickshaw,10.0,30,20,5,15,200,1,0,1,1,0,1.0,0,0,No,0,0.3333333333333333,0.0
142,2. Amritsar Engineering College,0,0,0,0,519.6,0.0,Male,0,24,Student,Education,Shared Autorickshaw,10.0,30,20,6,15,500,0,0,0,0,0,1.0,1,0,Yes,0,0.6666666666666666,0.0
142,2. Amritsar Engineering College,1,1,0,0,524.5070699435453,0.0,Male,0,24,Student,Education,Shared Autorickshaw,10.0,30,20,6,15,500,0,0,0,0,0,1.0,1,0,Yes,0,0.6666666666666666,0.0
143,32. Railway Station,0,0,0,0,519.6,0.0,Male,0,30,Government salaried job,Work,Shared Autorickshaw,10.0,25,20,6,5,200,1,0,0,1,32000,0.0,0,0,Yes,1,0.0,0.0
143,32. Railway Station,1,1,0,0,528.9782645497498,0.0,Male,0,30,Government salaried job,Work,Shared Autorickshaw,10.0,25,20,6,5,200,1,0,0,1,32000,0.0,0,0,Yes,1,0.0,0.0
144,8. Hall Gate,0,0,1,0,1039.2,0.0,Male,0,25,Private salaried job,Work,Shared Autorickshaw,12.0,30,40,6,0,0,3,1,0,4,22000,0.3902286740029658,0,0,Yes,1,0.1300762246676552,0.0
144,8. Hall Gate,1,1,1,1,519.6,20.0,Male,0,25,Private salaried job,Work,Shared Autorickshaw,12.0,30,40,6,0,0,3,1,0,4,22000,0.3902286740029658,0,0,Yes,1,0.1300762246676552,0.1300762246676552
145,21. Vallah Bypass,0,0,0,0,606.2,0.0,Male,0,30,Self-employed,Work,Shared Autorickshaw,12.0,30,20,7,10,200,1,0,0,1,17914,0.5496761102005776,0,0,Yes,1,0.1832253700668592,0.0
145,21. Vallah Bypass,1,1,0,0,610.9348940105696,0.0,Male,0,30,Self-employed,Work,Shared Autorickshaw,12.0,30,20,7,10,200,1,0,0,1,17914,0.5496761102005776,0,0,Yes,1,0.1832253700668592,0.0
146,15. Rajasansi,0,0,0,0,86.6,0.0,Female,1,31,Homemaker,Religious,Shared Autorickshaw,13.0,25,20,1,5,2500,1,1,0,2,0,1.0,0,0,No,0,0.3333333333333333,0.0
146,15. Rajasansi,1,1,0,0,89.26975663091893,0.0,Female,1,31,Homemaker,Religious,Shared Autorickshaw,13.0,25,20,1,5,2500,1,1,0,2,0,1.0,0,0,No,0,0.3333333333333333,0.0
147,16. Ram Tirath Road,0,0,0,0,1039.2,0.0,Female,1,25,Homemaker,Work,Shared Autorickshaw,14.0,60,40,6,5,250,1,0,1,1,0,1.0,0,0,No,0,0.3333333333333333,0.0
147,16. Ram Tirath Road,1,1,0,0,1042.5156899734257,0.0,Female,1,25,Homemaker,Work,Shared Autorickshaw,14.0,60,40,6,5,250,1,0,1,1,0,1.0,0,0,No,0,0.3333333333333333,0.0
148,5. Ghee Mandi Chowk,0,0,0,0,389.7,0.0,Female,1,25,Homemaker,Religious,Shared Autorickshaw,14.0,30,30,3,15,200,1,0,1,1,0,1.0,0,0,No,0,0.3333333333333333,0.0
148,5. Ghee Mandi Chowk,1,1,0,0,394.90672402471534,0.0,Female,1,25,Homemaker,Religious,Shared Autorickshaw,14.0,30,30,3,15,200,1,0,1,1,0,1.0,0,0,No,0,0.3333333333333333,0.0
149,24. GNDU,0,0,1,0,866.0,0.0,Female,1,18,Student,Education,Shared Autorickshaw,15.0,60,40,5,5,50,2,0,1,2,0,1.0,0,0,No,0,0.3333333333333333,0.0
149,24. GNDU,1,1,1,1,433.0,20.0,Female,1,18,Student,Education,Shared Autorickshaw,15.0,60,40,5,5,50,2,0,1,2,0,1.0,0,0,No,0,0.3333333333333333,0.3333333333333333
150,24. GNDU,0,0,0,0,1039.2,0.0,Female,1,21,Student,Education,Shared Autorickshaw,15.0,30,40,6,0,50,2,0,1,2,0,1.0,0,0,Yes,0,0.3333333333333333,0.0
150,24. GNDU,1,1,0,0,1039.4161207988034,0.0,Female,1,21,Student,Education,Shared Autorickshaw,15.0,30,40,6,0,50,2,0,1,2,0,1.0,0,0,Yes,0,0.3333333333333333,0.0
151,6. Gumtala Chowk,0,0,0,0,1039.2,0.0,Female,1,30,Self-employed,Work,Shared Autorickshaw,15.0,20,40,6,20,250,2,0,1,2,6374,1.0,0,0,No,1,0.3333333333333333,0.0
151,6. Gumtala Chowk,1,1,0,0,1047.4629192419436,0.0,Female,1,30,Self-employed,Work,Shared Autorickshaw,15.0,20,40,6,20,250,2,0,1,2,6374,1.0,0,0,No,1,0.3333333333333333,0.0
152,15. Rajasansi,0,0,0,0,173.2,0.0,Male,0,45,Self-employed,Shopping,Shared Autorickshaw,15.0,30,20,2,2,500,1,0,0,1,17914,0.5496761102005776,0,0,No,1,0.1832253700668592,0.0
152,15. Rajasansi,1,1,0,0,182.16160771839765,0.0,Male,0,45,Self-employed,Shopping,Shared Autorickshaw,15.0,30,20,2,2,500,1,0,0,1,17914,0.5496761102005776,0,0,No,1,0.1832253700668592,0.0
153,10. Kot Man Singh,0,0,0,0,909.3,0.0,Male,0,65,Self-employed,Work,Shared Autorickshaw,15.0,20,30,7,2,0,1,1,1,2,17914,0.5496761102005776,0,1,No,1,0.5165587034001925,0.0
153,10. Kot Man Singh,1,1,0,0,910.702490889986,0.0,Male,0,65,Self-employed,Work,Shared Autorickshaw,15.0,20,30,7,2,0,1,1,1,2,17914,0.5496761102005776,0,1,No,1,0.5165587034001925,0.0
154,27. Hussainpura Chowk,0,0,0,0,433.0,0.0,Male,0,50,Private salaried job,Work,Shared Autorickshaw,18.0,45,20,5,5,0,1,0,0,1,22000,0.3902286740029658,0,0,No,1,0.1300762246676552,0.0
154,27. Hussainpura Chowk,1,1,0,0,438.5403614353905,0.0,Male,0,50,Private salaried job,Work,Shared Autorickshaw,18.0,45,20,5,5,0,1,0,0,1,22000,0.3902286740029658,0,0,No,1,0.1300762246676552,0.0
155,Majitha_Road,0,0,0,0,0.0,0.0,Male,0,20,Labourer,Work,Bicycle,1.0,5,0,7,0,0,0,0,1,0,13650,0.7160696167954421,1,0,No,1,0.5720232055984807,0.0
155,Majitha_Road,1,1,0,0,1.0857574113544357,0.0,Male,0,20,Labourer,Work,Bicycle,1.0,5,0,7,0,0,0,0,1,0,13650,0.7160696167954421,1,0,No,1,0.5720232055984807,0.0
156,15. Rajasansi,0,0,0,0,0.0,0.0,Male,0,60,Self-employed,Work,Bicycle,1.0,10,0,7,0,0,0,0,1,0,17914,0.5496761102005776,1,1,No,1,0.8498920367335258,0.0
156,15. Rajasansi,1,1,0,0,6.722400930398117,0.0,Male,0,60,Self-employed,Work,Bicycle,1.0,10,0,7,0,0,0,0,1,0,17914,0.5496761102005776,1,1,No,1,0.8498920367335258,0.0
157,22. 100 feet raod,0,0,0,0,0.0,0.0,Male,0,32,Labourer,Work,Bicycle,2.0,15,0,7,0,0,1,0,1,1,13650,0.7160696167954421,0,0,No,1,0.2386898722651473,0.0
157,22. 100 feet raod,1,1,0,0,2.812337838390083,0.0,Male,0,32,Labourer,Work,Bicycle,2.0,15,0,7,0,0,1,0,1,1,13650,0.7160696167954421,0,0,No,1,0.2386898722651473,0.0
158,2. Amritsar Engineering College,0,0,0,0,0.0,0.0,Male,0,35,Labourer,Work,Bicycle,2.0,7,0,6,0,0,1,0,1,1,13650,0.7160696167954421,0,0,No,1,0.2386898722651473,0.0
158,2. Amritsar Engineering College,1,1,0,0,6.594226346919018,0.0,Male,0,35,Labourer,Work,Bicycle,2.0,7,0,6,0,0,1,0,1,1,13650,0.7160696167954421,0,0,No,1,0.2386898722651473,0.0
159,18. Spring Dale,0,0,0,0,0.0,0.0,Male,0,44,Private salaried job,Work,Bicycle,2.0,15,0,7,0,0,1,0,1,1,22000,0.3902286740029658,0,0,Yes,1,0.1300762246676552,0.0
159,18. Spring Dale,1,1,0,0,7.269946142868826,0.0,Male,0,44,Private salaried job,Work,Bicycle,2.0,15,0,7,0,0,1,0,1,1,22000,0.3902286740029658,0,0,Yes,1,0.1300762246676552,0.0
160,30. Novelty Chowk,0,0,0,0,0.0,0.0,Male,0,48,Self-employed,Work,Bicycle,2.0,10,0,7,0,0,1,0,1,1,17914,0.5496761102005776,0,0,Yes,1,0.1832253700668592,0.0
160,30. Novelty Chowk,1,1,0,0,7.68647491917657,0.0,Male,0,48,Self-employed,Work,Bicycle,2.0,10,0,7,0,0,1,0,1,1,17914,0.5496761102005776,0,0,Yes,1,0.1832253700668592,0.0
161,Majitha_Road,0,0,0,0,0.0,0.0,Male,0,55,Labourer,Work,Bicycle,2.0,20,0,7,0,0,0,0,1,0,13650,0.7160696167954421,1,0,No,1,0.5720232055984807,0.0
161,Majitha_Road,1,1,0,0,1.0774094595589656,0.0,Male,0,55,Labourer,Work,Bicycle,2.0,20,0,7,0,0,0,0,1,0,13650,0.7160696167954421,1,0,No,1,0.5720232055984807,0.0
162,17. Ratan Singh Chowk,0,0,0,0,0.0,0.0,Male,0,18,Private salaried job,Work,Bicycle,2.5,15,0,6,0,0,0,0,1,0,22000,0.3902286740029658,1,0,No,1,0.4634095580009886,0.0
162,17. Ratan Singh Chowk,1,1,0,0,9.160118451376078,0.0,Male,0,18,Private salaried job,Work,Bicycle,2.5,15,0,6,0,0,0,0,1,0,22000,0.3902286740029658,1,0,No,1,0.4634095580009886,0.0
163,14. Municipal Corporation,0,0,0,0,0.0,0.0,Male,0,30,Private salaried job,Work,Bicycle,3.0,15,0,7,0,0,1,0,1,1,22000,0.3902286740029658,0,0,No,1,0.1300762246676552,0.0
163,14. Municipal Corporation,1,1,0,0,2.302139908948808,0.0,Male,0,30,Private salaried job,Work,Bicycle,3.0,15,0,7,0,0,1,0,1,1,22000,0.3902286740029658,0,0,No,1,0.1300762246676552,0.0
164,7. Guru Ram Das Charitable Hospital,0,0,0,0,0.0,0.0,Male,0,66,Self-employed,Work,Bicycle,3.0,20,0,6,0,0,1,0,1,1,17914,0.5496761102005776,0,1,No,1,0.5165587034001925,0.0
164,7. Guru Ram Das Charitable Hospital,1,1,0,0,0.3741255617617978,0.0,Male,0,66,Self-employed,Work,Bicycle,3.0,20,0,6,0,0,1,0,1,1,17914,0.5496761102005776,0,1,No,1,0.5165587034001925,0.0
165,18. Spring Dale,0,0,0,0,0.0,0.0,Male,0,35,Labourer,Work,Bicycle,7.0,30,0,7,0,0,0,0,1,0,13650,0.7160696167954421,1,0,No,1,0.5720232055984807,0.0
165,18. Spring Dale,1,1,0,0,5.548524693914834,0.0,Male,0,35,Labourer,Work,Bicycle,7.0,30,0,7,0,0,0,0,1,0,13650,0.7160696167954421,1,0,No,1,0.5720232055984807,0.0
166,17. Ratan Singh Chowk,0,0,0,0,0.0,0.0,Male,0,55,Self-employed,Work,Bicycle,8.0,30,0,7,0,0,1,0,1,1,17914,0.5496761102005776,0,0,Yes,1,0.1832253700668592,0.0
166,17. Ratan Singh Chowk,1,1,0,0,3.7092228386243873,0.0,Male,0,55,Self-employed,Work,Bicycle,8.0,30,0,7,0,0,1,0,1,1,17914,0.5496761102005776,0,0,Yes,1,0.1832253700668592,0.0
167,24. GNDU,0,0,0,0,0.0,0.0,Male,0,50,Self-employed,Work,Bicycle,10.0,40,0,3,0,0,0,0,1,0,17914,0.5496761102005776,1,0,Yes,1,0.5165587034001925,0.0
167,24. GNDU,1,1,0,0,8.297897431324131,0.0,Male,0,50,Self-employed,Work,Bicycle,10.0,40,0,3,0,0,0,0,1,0,17914,0.5496761102005776,1,0,Yes,1,0.5165587034001925,0.0
168,11. Loharka Road,0,0,0,0,0.0,0.0,Male,0,70,Private salaried job,Work,Bicycle,11.0,40,0,7,0,0,2,0,1,2,22000,0.3902286740029658,0,1,No,1,0.4634095580009886,0.0
168,11. Loharka Road,1,1,0,0,8.082514720643019,0.0,Male,0,70,Private salaried job,Work,Bicycle,11.0,40,0,7,0,0,2,0,1,2,22000,0.3902286740029658,0,1,No,1,0.4634095580009886,0.0
169,1. 100 ft road Chowk,0,0,0,0,0.0,0.0,Male,0,40,Labourer,Work,Bicycle,20.0,90,0,7,0,0,1,0,1,1,13650,0.7160696167954421,0,0,No,1,0.2386898722651473,0.0
169,1. 100 ft road Chowk,1,1,0,0,3.171388928227153,0.0,Male,0,40,Labourer,Work,Bicycle,20.0,90,0,7,0,0,1,0,1,1,13650,0.7160696167954421,0,0,No,1,0.2386898722651473,0.0
170,1. 100 ft road Chowk,0,0,0,0,259.8,0.0,Male,0,20,Private salaried job,Work,Private E-Rickshaw,2.0,15,10,6,0,0,1,0,0,1,22000,0.3902286740029658,0,0,No,1,0.1300762246676552,0.0
170,1. 100 ft road Chowk,1,1,0,0,269.32899395069745,0.0,Male,0,20,Private salaried job,Work,Private E-Rickshaw,2.0,15,10,6,0,0,1,0,0,1,22000,0.3902286740029658,0,0,No,1,0.1300762246676552,0.0
171,10. Kot Man Singh,0,0,0,0,173.2,0.0,Male,0,22,Self-employed,Work,Shared E-Rickshaw,2.0,5,10,4,5,200,2,0,2,2,17914,0.5496761102005776,0,0,No,1,0.1832253700668592,0.0
171,10. Kot Man Singh,1,1,0,0,176.10917838140116,0.0,Male,0,22,Self-employed,Work,Shared E-Rickshaw,2.0,5,10,4,5,200,2,0,2,2,17914,0.5496761102005776,0,0,No,1,0.1832253700668592,0.0
172,22. 100 feet raod,0,0,0,0,433.0,0.0,Female,1,23,Student,Education,Shared E-Rickshaw,2.0,10,20,5,10,300,1,0,1,1,0,1.0,0,0,No,0,0.3333333333333333,0.0
172,22. 100 feet raod,1,1,0,0,438.1505712923171,0.0,Female,1,23,Student,Education,Shared E-Rickshaw,2.0,10,20,5,10,300,1,0,1,1,0,1.0,0,0,No,0,0.3333333333333333,0.0
173,30. Novelty Chowk,0,0,0,0,606.2,0.0,Male,0,28,Private salaried job,Work,Shared E-Rickshaw,2.0,10,20,7,10,0,1,0,1,1,22000,0.3902286740029658,0,0,Yes,1,0.1300762246676552,0.0
173,30. Novelty Chowk,1,1,0,0,608.759650905676,0.0,Male,0,28,Private salaried job,Work,Shared E-Rickshaw,2.0,10,20,7,10,0,1,0,1,1,22000,0.3902286740029658,0,0,Yes,1,0.1300762246676552,0.0
174,Chattarwind_Gate,0,0,0,0,86.6,0.0,Female,1,30,Homemaker,Work,Shared E-Rickshaw,2.0,15,10,2,0,200,0,0,0,0,0,1.0,1,0,No,0,0.6666666666666666,0.0
174,Chattarwind_Gate,1,1,0,0,95.96043570048964,0.0,Female,1,30,Homemaker,Work,Shared E-Rickshaw,2.0,15,10,2,0,200,0,0,0,0,0,1.0,1,0,No,0,0.6666666666666666,0.0
175,32. Railway Station,0,0,1,0,259.8,0.0,Male,0,41,Self-employed,Work,Shared E-Rickshaw,2.0,10,10,6,0,0,0,0,0,0,17914,0.5496761102005776,1,0,No,1,0.5165587034001925,0.0
175,32. Railway Station,1,1,1,1,129.9,5.0,Male,0,41,Self-employed,Work,Shared E-Rickshaw,2.0,10,10,6,0,0,0,0,0,0,17914,0.5496761102005776,1,0,No,1,0.5165587034001925,0.5165587034001925
176,33. Tara Wala pul,0,0,1,0,606.2,0.0,Male,0,43,Private salaried job,Work,Shared E-Rickshaw,2.0,10,20,7,15,100,1,0,2,1,22000,0.3902286740029658,0,0,Yes,1,0.1300762246676552,0.0
176,33. Tara Wala pul,1,1,1,1,151.55,5.0,Male,0,43,Private salaried job,Work,Shared E-Rickshaw,2.0,10,20,7,15,100,1,0,2,1,22000,0.3902286740029658,0,0,Yes,1,0.1300762246676552,0.1300762246676552
177,14. Municipal Corporation,0,0,0,0,519.6,0.0,Male,0,45,Private salaried job,Work,Private E-Rickshaw,2.0,10,20,6,5,500,0,0,0,0,22000,0.3902286740029658,1,0,No,1,0.4634095580009886,0.0
177,14. Municipal Corporation,1,1,0,0,523.9509706000304,0.0,Male,0,45,Private salaried job,Work,Private E-Rickshaw,2.0,10,20,6,5,500,0,0,0,0,22000,0.3902286740029658,1,0,No,1,0.4634095580009886,0.0
178,22. 100 feet raod,0,0,0,0,1515.5,0.0,Male,0,55,Self-employed,Shopping,Private E-Rickshaw,2.0,10,50,7,15,0,2,1,0,3,17914,0.5496761102005776,0,0,Yes,1,0.1832253700668592,0.0
178,22. 100 feet raod,1,1,0,0,1525.4237556405585,0.0,Male,0,55,Self-employed,Shopping,Private E-Rickshaw,2.0,10,50,7,15,0,2,1,0,3,17914,0.5496761102005776,0,0,Yes,1,0.1832253700668592,0.0
179,3. Bus stand,0,0,1,0,606.2,0.0,Male,0,58,Self-employed,Work,Shared E-Rickshaw,2.0,30,20,7,0,0,0,0,0,0,17914,0.5496761102005776,1,0,Yes,1,0.5165587034001925,0.0
179,3. Bus stand,1,1,1,1,151.55,5.0,Male,0,58,Self-employed,Work,Shared E-Rickshaw,2.0,30,20,7,0,0,0,0,0,0,17914,0.5496761102005776,1,0,Yes,1,0.5165587034001925,0.5165587034001925
180,22. 100 feet raod,0,0,0,0,259.8,0.0,Male,0,75,Retired,Recreational,Shared E-Rickshaw,2.0,5,10,6,2,500,1,0,0,1,0,1.0,0,1,Yes,0,0.6666666666666666,0.0
180,22. 100 feet raod,1,1,0,0,267.2860801945695,0.0,Male,0,75,Retired,Recreational,Shared E-Rickshaw,2.0,5,10,6,2,500,1,0,0,1,0,1.0,0,1,Yes,0,0.6666666666666666,0.0
181,17. Ratan Singh Chowk,0,0,0,0,606.2,0.0,Male,0,18,Labourer,Work,Shared E-Rickshaw,3.0,30,20,7,0,0,0,1,0,1,13650,0.7160696167954421,0,0,No,1,0.2386898722651473,0.0
181,17. Ratan Singh Chowk,1,1,0,0,615.1079249087853,0.0,Male,0,18,Labourer,Work,Shared E-Rickshaw,3.0,30,20,7,0,0,0,1,0,1,13650,0.7160696167954421,0,0,No,1,0.2386898722651473,0.0
182,8. Hall Gate,0,0,0,0,346.4,0.0,Male,0,21,Student,Education,Shared E-Rickshaw,3.0,30,20,4,0,0,2,0,2,2,0,1.0,0,0,Yes,0,0.3333333333333333,0.0
182,8. Hall Gate,1,1,0,0,355.3344663969786,0.0,Male,0,21,Student,Education,Shared E-Rickshaw,3.0,30,20,4,0,0,2,0,2,2,0,1.0,0,0,Yes,0,0.3333333333333333,0.0
183,24. GNDU,0,0,0,0,433.0,0.0,Female,1,22,Student,Education,Shared E-Rickshaw,3.0,10,20,5,5,100,1,0,1,1,0,1.0,0,0,Yes,0,0.3333333333333333,0.0
183,24. GNDU,1,1,0,0,438.1885836038645,0.0,Female,1,22,Student,Education,Shared E-Rickshaw,3.0,10,20,5,5,100,1,0,1,1,0,1.0,0,0,Yes,0,0.3333333333333333,0.0
184,8. Hall Gate,0,0,0,0,519.6,0.0,Male,0,22,Private salaried job,Work,Shared E-Rickshaw,4.0,30,20,6,2,0,0,0,3,0,22000,0.3902286740029658,1,0,No,1,0.4634095580009886,0.0
184,8. Hall Gate,1,1,0,0,522.7592905183079,0.0,Male,0,22,Private salaried job,Work,Shared E-Rickshaw,4.0,30,20,6,2,0,0,0,3,0,22000,0.3902286740029658,1,0,No,1,0.4634095580009886,0.0
185,14. Municipal Corporation,0,0,0,0,519.6,0.0,Male,0,24,Student,Education,Shared E-Rickshaw,4.0,25,20,6,5,100,1,1,0,2,0,1.0,0,0,No,0,0.3333333333333333,0.0
185,14. Municipal Corporation,1,1,0,0,527.3201243211099,0.0,Male,0,24,Student,Education,Shared E-Rickshaw,4.0,25,20,6,5,100,1,1,0,2,0,1.0,0,0,No,0,0.3333333333333333,0.0
186,10. Kot Man Singh,0,0,0,0,86.6,0.0,Male,0,25,Private salaried job,Work,Shared E-Rickshaw,4.0,10,20,1,3,0,1,0,0,1,22000,0.3902286740029658,0,0,No,1,0.1300762246676552,0.0
186,10. Kot Man Singh,1,1,0,0,93.2166126316776,0.0,Male,0,25,Private salaried job,Work,Shared E-Rickshaw,4.0,10,20,1,3,0,1,0,0,1,22000,0.3902286740029658,0,0,No,1,0.1300762246676552,0.0
187,21. Vallah Bypass,0,0,0,0,259.8,0.0,Female,1,26,Homemaker,Recreational,Private E-Rickshaw,4.0,20,30,2,10,200,0,0,0,0,0,1.0,1,0,No,0,0.6666666666666666,0.0
187,21. Vallah Bypass,1,1,0,0,263.53657728873713,0.0,Female,1,26,Homemaker,Recreational,Private E-Rickshaw,4.0,20,30,2,10,200,0,0,0,0,0,1.0,1,0,No,0,0.6666666666666666,0.0
188,10. Kot Man Singh,0,0,0,0,86.6,0.0,Female,1,28,Self-employed,Work,Shared E-Rickshaw,4.0,15,20,1,5,200,0,0,0,0,6374,1.0,1,0,No,1,0.6666666666666666,0.0
188,10. Kot Man Singh,1,1,0,0,87.54466668061515,0.0,Female,1,28,Self-employed,Work,Shared E-Rickshaw,4.0,15,20,1,5,200,0,0,0,0,6374,1.0,1,0,No,1,0.6666666666666666,0.0
189,7. Guru Ram Das Charitable Hospital,0,0,0,0,519.6,0.0,Male,0,30,Self-employed,Work,Shared E-Rickshaw,4.0,30,20,6,0,0,0,0,0,0,17914,0.5496761102005776,1,0,No,1,0.5165587034001925,0.0
189,7. Guru Ram Das Charitable Hospital,1,1,0,0,527.0678961134903,0.0,Male,0,30,Self-employed,Work,Shared E-Rickshaw,4.0,30,20,6,0,0,0,0,0,0,17914,0.5496761102005776,1,0,No,1,0.5165587034001925,0.0
190,1. 100 ft road Chowk,0,0,0,0,519.6,0.0,Male,0,46,Self-employed,Work,Shared E-Rickshaw,4.0,20,20,6,0,0,1,0,1,1,17914,0.5496761102005776,0,0,No,1,0.1832253700668592,0.0
190,1. 100 ft road Chowk,1,1,0,0,522.2246051592286,0.0,Male,0,46,Self-employed,Work,Shared E-Rickshaw,4.0,20,20,6,0,0,1,0,1,1,17914,0.5496761102005776,0,0,No,1,0.1832253700668592,0.0
191,1. 100 ft road Chowk,0,0,0,0,259.8,0.0,Male,0,53,Private salaried job,Work,Shared E-Rickshaw,4.0,15,10,6,0,0,1,0,0,1,22000,0.3902286740029658,0,0,No,1,0.1300762246676552,0.0
191,1. 100 ft road Chowk,1,1,0,0,269.1681315053378,0.0,Male,0,53,Private salaried job,Work,Shared E-Rickshaw,4.0,15,10,6,0,0,1,0,0,1,22000,0.3902286740029658,0,0,No,1,0.1300762246676552,0.0
192,8. Hall Gate,0,0,0,0,519.6,0.0,Male,0,36,Self-employed,Work,Shared E-Rickshaw,4.5,15,20,6,20,0,0,0,0,0,17914,0.5496761102005776,1,0,No,1,0.5165587034001925,0.0
192,8. Hall Gate,1,1,0,0,522.0097057500569,0.0,Male,0,36,Self-employed,Work,Shared E-Rickshaw,4.5,15,20,6,20,0,0,0,0,0,17914,0.5496761102005776,1,0,No,1,0.5165587034001925,0.0
193,10. Kot Man Singh,0,0,0,0,346.4,0.0,Male,0,20,Unemployed,Work,Private E-Rickshaw,5.0,20,20,4,4,200,0,0,0,0,0,1.0,1,0,Yes,0,0.6666666666666666,0.0
193,10. Kot Man Singh,1,1,0,0,347.62757932411483,0.0,Male,0,20,Unemployed,Work,Private E-Rickshaw,5.0,20,20,4,4,200,0,0,0,0,0,1.0,1,0,Yes,0,0.6666666666666666,0.0
194,2. Amritsar Engineering College,0,0,0,0,433.0,0.0,Male,0,27,Student,Education,Shared E-Rickshaw,5.0,10,20,5,10,150,1,1,1,2,0,1.0,0,0,Yes,0,0.3333333333333333,0.0
194,2. Amritsar Engineering College,1,1,0,0,441.3111267212491,0.0,Male,0,27,Student,Education,Shared E-Rickshaw,5.0,10,20,5,10,150,1,1,1,2,0,1.0,0,0,Yes,0,0.3333333333333333,0.0
195,2. Amritsar Engineering College,0,0,0,0,1039.2,0.0,Male,0,40,Private salaried job,Work,Shared E-Rickshaw,5.0,30,40,6,20,500,0,0,0,0,22000,0.3902286740029658,1,0,Yes,1,0.4634095580009886,0.0
195,2. Amritsar Engineering College,1,1,0,0,1040.732843166245,0.0,Male,0,40,Private salaried job,Work,Shared E-Rickshaw,5.0,30,40,6,20,500,0,0,0,0,22000,0.3902286740029658,1,0,Yes,1,0.4634095580009886,0.0
196,14. Municipal Corporation,0,0,0,0,1299.0,0.0,Male,0,42,Private salaried job,Religious,Private E-Rickshaw,5.0,10,150,2,20,400,0,0,0,0,22000,0.3902286740029658,1,0,No,1,0.4634095580009886,0.0
196,14. Municipal Corporation,1,1,0,0,1300.7926830815777,0.0,Male,0,42,Private salaried job,Religious,Private E-Rickshaw,5.0,10,150,2,20,400,0,0,0,0,22000,0.3902286740029658,1,0,No,1,0.4634095580009886,0.0
197,21. Vallah Bypass,0,0,0,0,173.2,0.0,Female,1,70,Homemaker,Health,Shared E-Rickshaw,5.0,25,20,2,2,0,1,0,0,1,0,1.0,0,1,No,0,0.6666666666666666,0.0
197,21. Vallah Bypass,1,1,0,0,179.19382791520843,0.0,Female,1,70,Homemaker,Health,Shared E-Rickshaw,5.0,25,20,2,2,0,1,0,0,1,0,1.0,0,1,No,0,0.6666666666666666,0.0
198,7. Guru Ram Das Charitable Hospital,0,0,0,0,1082.5,0.0,Male,0,24,Self-employed,Work,Shared E-Rickshaw,6.0,30,50,5,0,0,2,0,1,2,17914,0.5496761102005776,0,0,No,1,0.1832253700668592,0.0
198,7. Guru Ram Das Charitable Hospital,1,1,0,0,1091.2456204083746,0.0,Male,0,24,Self-employed,Work,Shared E-Rickshaw,6.0,30,50,5,0,0,2,0,1,2,17914,0.5496761102005776,0,0,No,1,0.1832253700668592,0.0
199,33. Tara Wala pul,0,0,0,0,433.0,0.0,Female,1,22,Student,Education,Shared E-Rickshaw,8.0,15,20,5,5,500,1,1,0,2,0,1.0,0,0,No,0,0.3333333333333333,0.0
199,33. Tara Wala pul,1,1,0,0,434.9643466571457,0.0,Female,1,22,Student,Education,Shared E-Rickshaw,8.0,15,20,5,5,500,1,1,0,2,0,1.0,0,0,No,0,0.3333333333333333,0.0
200,16. Ram Tirath Road,0,0,1,0,1039.2,0.0,Male,0,24,Private salaried job,Work,Shared E-Rickshaw,8.0,30,40,6,2,100,1,0,0,1,22000,0.3902286740029658,0,0,Yes,1,0.1300762246676552,0.0
200,16. Ram Tirath Road,1,1,1,1,389.7,15.0,Male,0,24,Private salaried job,Work,Shared E-Rickshaw,8.0,30,40,6,2,100,1,0,0,1,22000,0.3902286740029658,0,0,Yes,1,0.1300762246676552,0.1300762246676552
201,21. Vallah Bypass,0,0,0,0,433.0,0.0,Female,1,24,Student,Education,Shared E-Rickshaw,8.0,20,20,5,5,300,1,0,0,1,0,1.0,0,0,No,0,0.3333333333333333,0.0
201,21. Vallah Bypass,1,1,0,0,440.77404838241176,0.0,Female,1,24,Student,Education,Shared E-Rickshaw,8.0,20,20,5,5,300,1,0,0,1,0,1.0,0,0,No,0,0.3333333333333333,0.0
202,15. Rajasansi,0,0,0,0,259.8,0.0,Male,0,31,Self-employed,Work,Shared E-Rickshaw,8.0,20,20,3,10,200,1,0,0,1,17914,0.5496761102005776,0,0,No,1,0.1832253700668592,0.0
202,15. Rajasansi,1,1,0,0,269.51826426060967,0.0,Male,0,31,Self-employed,Work,Shared E-Rickshaw,8.0,20,20,3,10,200,1,0,0,1,17914,0.5496761102005776,0,0,No,1,0.1832253700668592,0.0
203,11. Loharka Road,0,0,0,0,86.6,0.0,Male,0,35,Labourer,Recreational,Private E-Rickshaw,8.0,30,20,1,15,0,1,0,0,1,13650,0.7160696167954421,0,0,No,1,0.2386898722651473,0.0
203,11. Loharka Road,1,1,0,0,91.6074118620234,0.0,Male,0,35,Labourer,Recreational,Private E-Rickshaw,8.0,30,20,1,15,0,1,0,0,1,13650,0.7160696167954421,0,0,No,1,0.2386898722651473,0.0
204,11. Loharka Road,0,0,0,0,173.2,0.0,Male,0,65,Self-employed,Work,Shared E-Rickshaw,8.0,30,20,2,5,0,2,0,0,2,17914,0.5496761102005776,0,1,No,1,0.5165587034001925,0.0
204,11. Loharka Road,1,1,0,0,174.6389750255125,0.0,Male,0,65,Self-employed,Work,Shared E-Rickshaw,8.0,30,20,2,5,0,2,0,0,2,17914,0.5496761102005776,0,1,No,1,0.5165587034001925,0.0
205,17. Ratan Singh Chowk,0,0,1,0,519.6,0.0,Male,0,20,Private salaried job,Work,Shared E-Rickshaw,9.0,30,20,6,0,0,0,0,1,0,22000,0.3902286740029658,1,0,No,1,0.4634095580009886,0.0
205,17. Ratan Singh Chowk,1,1,1,1,389.7,15.0,Male,0,20,Private salaried job,Work,Shared E-Rickshaw,9.0,30,20,6,0,0,0,0,1,0,22000,0.3902286740029658,1,0,No,1,0.4634095580009886,0.4634095580009886
206,2. Amritsar Engineering College,0,0,0,0,433.0,0.0,Female,1,20,Student,Education,Shared E-Rickshaw,10.0,25,20,5,0,0,0,0,0,0,0,1.0,1,0,No,0,0.6666666666666666,0.0
206,2. Amritsar Engineering College,1,1,0,0,435.2965602999885,0.0,Female,1,20,Student,Education,Shared E-Rickshaw,10.0,25,20,5,0,0,0,0,0,0,0,1.0,1,0,No,0,0.6666666666666666,0.0
207,32. Railway Station,0,0,1,0,519.6,0.0,Female,1,21,Student,Education,Shared E-Rickshaw,10.0,30,20,6,5,100,1,0,1,1,0,1.0,0,0,Yes,0,0.3333333333333333,0.0
207,32. Railway Station,1,1,1,1,389.7,15.0,Female,1,21,Student,Education,Shared E-Rickshaw,10.0,30,20,6,5,100,1,0,1,1,0,1.0,0,0,Yes,0,0.3333333333333333,0.3333333333333333
208,10. Kot Man Singh,0,0,0,0,346.4,0.0,Male,0,21,Self-employed,Work,Shared E-Rickshaw,10.0,20,20,4,0,0,2,0,0,2,17914,0.5496761102005776,0,0,Yes,1,0.1832253700668592,0.0
208,10. Kot Man Singh,1,1,0,0,353.17658673612857,0.0,Male,0,21,Self-employed,Work,Shared E-Rickshaw,10.0,20,20,4,0,0,2,0,0,2,17914,0.5496761102005776,0,0,Yes,1,0.1832253700668592,0.0
209,24. GNDU,0,0,0,0,1732.0,0.0,Female,1,22,Student,Education,Shared E-Rickshaw,10.0,35,80,5,5,50,2,1,0,3,0,1.0,0,0,Yes,0,0.3333333333333333,0.0
209,24. GNDU,1,1,0,0,1733.2183250462854,0.0,Female,1,22,Student,Education,Shared E-Rickshaw,10.0,35,80,5,5,50,2,1,0,3,0,1.0,0,0,Yes,0,0.3333333333333333,0.0
210,18. Spring Dale,0,0,0,0,173.2,0.0,Male,0,22,Self-employed,Work,Shared E-Rickshaw,10.0,30,20,2,5,0,2,0,0,2,17914,0.5496761102005776,0,0,No,1,0.1832253700668592,0.0
210,18. Spring Dale,1,1,0,0,178.26329931620631,0.0,Male,0,22,Self-employed,Work,Shared E-Rickshaw,10.0,30,20,2,5,0,2,0,0,2,17914,0.5496761102005776,0,0,No,1,0.1832253700668592,0.0
211,26. Guru Harkrishan School,0,0,0,0,519.6,0.0,Female,1,24,Student,Education,Shared E-Rickshaw,10.0,10,20,6,4,100,2,1,1,3,0,1.0,0,0,Yes,0,0.3333333333333333,0.0
211,26. Guru Harkrishan School,1,1,0,0,526.5426243564289,0.0,Female,1,24,Student,Education,Shared E-Rickshaw,10.0,10,20,6,4,100,2,1,1,3,0,1.0,0,0,Yes,0,0.3333333333333333,0.0
212,15. Rajasansi,0,0,0,0,173.2,0.0,Female,1,25,Homemaker,Shopping,Shared E-Rickshaw,10.0,25,20,2,10,200,1,0,1,1,0,1.0,0,0,No,0,0.3333333333333333,0.0
212,15. Rajasansi,1,1,0,0,179.011166092209,0.0,Female,1,25,Homemaker,Shopping,Shared E-Rickshaw,10.0,25,20,2,10,200,1,0,1,1,0,1.0,0,0,No,0,0.3333333333333333,0.0
213,11. Loharka Road,0,0,0,0,866.0,0.0,Male,0,32,Labourer,Work,Shared E-Rickshaw,10.0,30,40,5,2,0,2,0,0,2,13650,0.7160696167954421,0,0,No,1,0.2386898722651473,0.0
213,11. Loharka Road,1,1,0,0,867.9977565166006,0.0,Male,0,32,Labourer,Work,Shared E-Rickshaw,10.0,30,40,5,2,0,2,0,0,2,13650,0.7160696167954421,0,0,No,1,0.2386898722651473,0.0
214,3. Bus stand,0,0,1,0,519.6,0.0,Male,0,55,Private salaried job,Work,Shared E-Rickshaw,10.0,30,20,6,0,0,2,0,0,2,22000,0.3902286740029658,0,0,No,1,0.1300762246676552,0.0
214,3. Bus stand,1,1,1,1,389.7,15.0,Male,0,55,Private salaried job,Work,Shared E-Rickshaw,10.0,30,20,6,0,0,2,0,0,2,22000,0.3902286740029658,0,0,No,1,0.1300762246676552,0.1300762246676552
215,2. Amritsar Engineering College,0,0,0,0,433.0,0.0,Female,1,24,Student,Education,Shared E-Rickshaw,11.0,25,20,5,15,0,1,0,1,1,0,1.0,0,0,No,0,0.3333333333333333,0.0
215,2. Amritsar Engineering College,1,1,0,0,440.154071296158,0.0,Female,1,24,Student,Education,Shared E-Rickshaw,11.0,25,20,5,15,0,1,0,1,1,0,1.0,0,0,No,0,0.3333333333333333,0.0
216,6. Gumtala Chowk,0,0,0,0,1039.2,0.0,Female,1,30,Homemaker,Work,Shared E-Rickshaw,11.0,30,40,6,10,200,0,0,1,0,0,1.0,1,0,No,0,0.6666666666666666,0.0
216,6. Gumtala Chowk,1,1,0,0,1046.5898400391554,0.0,Female,1,30,Homemaker,Work,Shared E-Rickshaw,11.0,30,40,6,10,200,0,0,1,0,0,1.0,1,0,No,0,0.6666666666666666,0.0
217,15. Rajasansi,0,0,0,0,433.0,0.0,Female,1,22,Student,Education,Shared E-Rickshaw,12.0,30,20,5,5,200,1,1,0,2,0,1.0,0,0,No,0,0.3333333333333333,0.0
217,15. Rajasansi,1,1,0,0,434.31057751557313,0.0,Female,1,22,Student,Education,Shared E-Rickshaw,12.0,30,20,5,5,200,1,1,0,2,0,1.0,0,0,No,0,0.3333333333333333,0.0
218,11. Loharka Road,0,0,1,0,649.5,0.0,Male,0,40,Self-employed,Work,Shared E-Rickshaw,12.0,25,30,5,30,100,2,1,1,3,17914,0.5496761102005776,0,0,No,1,0.1832253700668592,0.0
218,11. Loharka Road,1,1,1,1,433.0,20.0,Male,0,40,Self-employed,Work,Shared E-Rickshaw,12.0,25,30,5,30,100,2,1,1,3,17914,0.5496761102005776,0,0,No,1,0.1832253700668592,0.1832253700668592
219,18. Spring Dale,0,0,0,0,1212.4,0.0,Male,0,43,Self-employed,Work,Shared E-Rickshaw,12.0,25,40,7,2,100,0,0,0,0,17914,0.5496761102005776,1,0,Yes,1,0.5165587034001925,0.0
219,18. Spring Dale,1,1,0,0,1221.6756255100652,0.0,Male,0,43,Self-employed,Work,Shared E-Rickshaw,12.0,25,40,7,2,100,0,0,0,0,17914,0.5496761102005776,1,0,Yes,1,0.5165587034001925,0.0
220,32. Railway Station,0,0,0,0,433.0,0.0,Female,1,30,Homemaker,Religious,Shared E-Rickshaw,15.0,30,50,2,5,200,0,0,0,0,0,1.0,1,0,No,0,0.6666666666666666,0.0
220,32. Railway Station,1,1,0,0,436.9757819382494,0.0,Female,1,30,Homemaker,Religious,Shared E-Rickshaw,15.0,30,50,2,5,200,0,0,0,0,0,1.0,1,0,No,0,0.6666666666666666,0.0
221,27. Hussainpura Chowk,0,0,0,0,519.6,0.0,Male,0,25,Private salaried job,Work,Shared E-Rickshaw,20.0,60,30,4,0,0,1,1,0,2,22000,0.3902286740029658,0,0,Yes,1,0.1300762246676552,0.0
221,27. Hussainpura Chowk,1,1,0,0,522.6094869178094,0.0,Male,0,25,Private salaried job,Work,Shared E-Rickshaw,20.0,60,30,4,0,0,1,1,0,2,22000,0.3902286740029658,0,0,Yes,1,0.1300762246676552,0.0
222,35. Verka Bypass,0,0,0,0,1212.4,0.0,Male,0,26,Private salaried job,Work,Shared E-Rickshaw,20.0,60,40,7,10,0,0,0,0,0,22000,0.3902286740029658,1,0,Yes,1,0.4634095580009886,0.0
222,35. Verka Bypass,1,1,0,0,1217.2858404535154,0.0,Male,0,26,Private salaried job,Work,Shared E-Rickshaw,20.0,60,40,7,10,0,0,0,0,0,22000,0.3902286740029658,1,0,Yes,1,0.4634095580009886,0.0
223,Majitha_Road,0,0,0,0,163.54385185185185,0.0,Male,0,20,Private salaried job,Work,Two Wheeler,1.0,2,0,7,0,0,2,1,0,3,22000,0.3902286740029658,0,0,Yes,1,0.1300762246676552,0.0
223,Majitha_Road,1,1,0,0,6.628642127635825,0.0,Male,0,20,Private salaried job,Work,Two Wheeler,1.0,2,0,7,0,0,2,1,0,3,22000,0.3902286740029658,0,0,Yes,1,0.1300762246676552,0.0
224,Majitha_Road,0,0,1,0,140.18044444444445,0.0,Male,0,20,Private salaried job,Work,Two Wheeler,1.0,10,0,6,0,0,1,0,0,1,22000,0.3902286740029658,0,0,Yes,1,0.1300762246676552,0.0
224,Majitha_Road,1,1,1,1,129.9,5.0,Male,0,20,Private salaried job,Work,Two Wheeler,1.0,10,0,6,0,0,1,0,0,1,22000,0.3902286740029658,0,0,Yes,1,0.1300762246676552,0.1300762246676552
225,18. Spring Dale,0,0,0,0,163.54385185185185,0.0,Male,0,35,Self-employed,Work,Two Wheeler,1.0,5,0,7,0,0,2,1,0,3,17914,0.5496761102005776,0,0,No,1,0.1832253700668592,0.0
225,18. Spring Dale,1,1,0,0,2.8644622688205503,0.0,Male,0,35,Self-employed,Work,Two Wheeler,1.0,5,0,7,0,0,2,1,0,3,17914,0.5496761102005776,0,0,No,1,0.1832253700668592,0.0
226,35. Verka Bypass,0,0,0,0,140.18044444444445,0.0,Male,0,37,Self-employed,Work,Two Wheeler,1.0,5,0,6,0,0,2,0,0,2,17914,0.5496761102005776,0,0,Yes,1,0.1832253700668592,0.0
226,35. Verka Bypass,1,1,0,0,9.248084293120272,0.0,Male,0,37,Self-employed,Work,Two Wheeler,1.0,5,0,6,0,0,2,0,0,2,17914,0.5496761102005776,0,0,Yes,1,0.1832253700668592,0.0
227,26. Guru Harkrishan School,0,0,0,0,280.3608888888889,0.0,Female,1,17,Student,Education,Two Wheeler,2.0,15,0,6,0,0,2,1,1,3,0,1.0,0,0,No,0,0.3333333333333333,0.0
227,26. Guru Harkrishan School,1,1,0,0,0.2485949138625631,0.0,Female,1,17,Student,Education,Two Wheeler,2.0,15,0,6,0,0,2,1,1,3,0,1.0,0,0,No,0,0.3333333333333333,0.0
228,8. Hall Gate,0,0,0,0,233.63407407407405,0.0,Male,0,32,Private salaried job,Work,Two Wheeler,2.0,20,0,5,0,0,1,0,0,1,22000,0.3902286740029658,0,0,No,1,0.1300762246676552,0.0
228,8. Hall Gate,1,1,0,0,5.551980423268247,0.0,Male,0,32,Private salaried job,Work,Two Wheeler,2.0,20,0,5,0,0,1,0,0,1,22000,0.3902286740029658,0,0,No,1,0.1300762246676552,0.0
229,1. 100 ft road Chowk,0,0,0,0,280.3608888888889,0.0,Male,0,38,Self-employed,Work,Two Wheeler,2.0,5,0,6,0,0,1,1,1,2,17914,0.5496761102005776,0,0,Yes,1,0.1832253700668592,0.0
229,1. 100 ft road Chowk,1,1,0,0,6.339751116810851,0.0,Male,0,38,Self-employed,Work,Two Wheeler,2.0,5,0,6,0,0,1,1,1,2,17914,0.5496761102005776,0,0,Yes,1,0.1832253700668592,0.0
230,11. Loharka Road,0,0,0,0,327.0877037037037,0.0,Male,0,47,Self-employed,Work,Two Wheeler,2.0,2,0,7,0,0,1,0,0,1,17914,0.5496761102005776,0,0,Yes,1,0.1832253700668592,0.0
230,11. Loharka Road,1,1,0,0,1.058974037507533,0.0,Male,0,47,Self-employed,Work,Two Wheeler,2.0,2,0,7,0,0,1,0,0,1,17914,0.5496761102005776,0,0,Yes,1,0.1832253700668592,0.0
231,Chattarwind_Gate,0,0,0,0,327.0877037037037,0.0,Male,0,50,Self-employed,Work,Two Wheeler,2.0,7,0,7,0,0,1,0,0,1,17914,0.5496761102005776,0,0,Yes,1,0.1832253700668592,0.0
231,Chattarwind_Gate,1,1,0,0,1.4033959706391264,0.0,Male,0,50,Self-employed,Work,Two Wheeler,2.0,7,0,7,0,0,1,0,0,1,17914,0.5496761102005776,0,0,Yes,1,0.1832253700668592,0.0
232,19. Sultanwind,0,0,0,0,420.54133333333334,0.0,Male,0,20,Student,Education,Two Wheeler,3.0,5,0,6,0,0,1,1,0,2,0,1.0,0,0,No,0,0.3333333333333333,0.0
232,19. Sultanwind,1,1,0,0,4.191143193163038,0.0,Male,0,20,Student,Education,Two Wheeler,3.0,5,0,6,0,0,1,1,0,2,0,1.0,0,0,No,0,0.3333333333333333,0.0
233,24. GNDU,0,0,0,0,420.54133333333334,0.0,Male,0,42,Self-employed,Work,Two Wheeler,3.0,15,0,6,0,0,1,0,1,1,17914,0.5496761102005776,0,0,Yes,1,0.1832253700668592,0.0
233,24. GNDU,1,1,0,0,9.662319121431818,0.0,Male,0,42,Self-employed,Work,Two Wheeler,3.0,15,0,6,0,0,1,0,1,1,17914,0.5496761102005776,0,0,Yes,1,0.1832253700668592,0.0
234,32. Railway Station,0,0,0,0,420.54133333333334,0.0,Male,0,60,Self-employed,Work,Two Wheeler,3.0,10,0,6,0,0,1,0,0,1,17914,0.5496761102005776,0,1,Yes,1,0.5165587034001925,0.0
234,32. Railway Station,1,1,0,0,5.960425532343728,0.0,Male,0,60,Self-employed,Work,Two Wheeler,3.0,10,0,6,0,0,1,0,0,1,17914,0.5496761102005776,0,1,Yes,1,0.5165587034001925,0.0
235,21. Vallah Bypass,0,0,0,0,560.7217777777778,0.0,Male,0,32,Private salaried job,Work,Two Wheeler,4.0,10,0,6,0,0,3,0,0,3,22000,0.3902286740029658,0,0,No,1,0.1300762246676552,0.0
235,21. Vallah Bypass,1,1,0,0,9.330232216002113,0.0,Male,0,32,Private salaried job,Work,Two Wheeler,4.0,10,0,6,0,0,3,0,0,3,22000,0.3902286740029658,0,0,No,1,0.1300762246676552,0.0
236,32. Railway Station,0,0,0,0,560.7217777777778,0.0,Male,0,38,Self-employed,Work,Two Wheeler,4.0,7,0,6,0,0,1,0,0,1,17914,0.5496761102005776,0,0,Yes,1,0.1832253700668592,0.0
236,32. Railway Station,1,1,0,0,8.043609156129708,0.0,Male,0,38,Self-employed,Work,Two Wheeler,4.0,7,0,6,0,0,1,0,0,1,17914,0.5496761102005776,0,0,Yes,1,0.1832253700668592,0.0
237,30. Novelty Chowk,0,0,0,0,654.1754074074074,0.0,Male,0,42,Self-employed,Work,Two Wheeler,4.0,7,0,7,0,0,1,0,0,1,17914,0.5496761102005776,0,0,Yes,1,0.1832253700668592,0.0
237,30. Novelty Chowk,1,1,0,0,4.673816015552915,0.0,Male,0,42,Self-employed,Work,Two Wheeler,4.0,7,0,7,0,0,1,0,0,1,17914,0.5496761102005776,0,0,Yes,1,0.1832253700668592,0.0
238,10. Kot Man Singh,0,0,0,0,560.7217777777778,0.0,Male,0,44,Private salaried job,Work,Two Wheeler,4.0,15,0,6,0,0,1,0,0,1,22000,0.3902286740029658,0,0,No,1,0.1300762246676552,0.0
238,10. Kot Man Singh,1,1,0,0,7.847634492521874,0.0,Male,0,44,Private salaried job,Work,Two Wheeler,4.0,15,0,6,0,0,1,0,0,1,22000,0.3902286740029658,0,0,No,1,0.1300762246676552,0.0
239,21. Vallah Bypass,0,0,0,0,654.1754074074074,0.0,Male,0,48,Self-employed,Work,Two Wheeler,4.0,5,0,7,0,0,1,0,1,1,17914,0.5496761102005776,0,0,No,1,0.1832253700668592,0.0
239,21. Vallah Bypass,1,1,0,0,0.1783678397698773,0.0,Male,0,48,Self-employed,Work,Two Wheeler,4.0,5,0,7,0,0,1,0,1,1,17914,0.5496761102005776,0,0,No,1,0.1832253700668592,0.0
240,19. Sultanwind,0,0,0,0,700.9022222222222,0.0,Male,0,20,Student,Education,Two Wheeler,5.0,5,0,6,0,0,2,0,0,2,0,1.0,0,0,Yes,0,0.3333333333333333,0.0
240,19. Sultanwind,1,1,0,0,1.0914399676573494,0.0,Male,0,20,Student,Education,Two Wheeler,5.0,5,0,6,0,0,2,0,0,2,0,1.0,0,0,Yes,0,0.3333333333333333,0.0
241,36. Verka Railway Station,0,0,0,0,700.9022222222222,0.0,Male,0,25,Private salaried job,Work,Two Wheeler,5.0,10,0,6,0,0,1,1,0,2,22000,0.3902286740029658,0,0,No,1,0.1300762246676552,0.0
241,36. Verka Railway Station,1,1,0,0,8.294286148827364,0.0,Male,0,25,Private salaried job,Work,Two Wheeler,5.0,10,0,6,0,0,1,1,0,2,22000,0.3902286740029658,0,0,No,1,0.1300762246676552,0.0
242,5. Ghee Mandi Chowk,0,0,0,0,700.9022222222222,0.0,Male,0,30,Private salaried job,Work,Two Wheeler,5.0,15,0,6,0,0,3,1,0,4,22000,0.3902286740029658,0,0,No,1,0.1300762246676552,0.0
242,5. Ghee Mandi Chowk,1,1,0,0,7.968170883251617,0.0,Male,0,30,Private salaried job,Work,Two Wheeler,5.0,15,0,6,0,0,3,1,0,4,22000,0.3902286740029658,0,0,No,1,0.1300762246676552,0.0
243,22. 100 feet raod,0,0,0,0,700.9022222222222,0.0,Male,0,35,Private salaried job,Work,Two Wheeler,5.0,20,0,6,0,0,2,0,0,2,22000,0.3902286740029658,0,0,No,1,0.1300762246676552,0.0
243,22. 100 feet raod,1,1,0,0,2.3264074196643367,0.0,Male,0,35,Private salaried job,Work,Two Wheeler,5.0,20,0,6,0,0,2,0,0,2,22000,0.3902286740029658,0,0,No,1,0.1300762246676552,0.0
244,18. Spring Dale,0,0,0,0,817.7192592592593,0.0,Male,0,45,Self-employed,Work,Two Wheeler,5.0,15,0,7,0,0,2,0,1,2,17914,0.5496761102005776,0,0,No,1,0.1832253700668592,0.0
244,18. Spring Dale,1,1,0,0,5.307695905990535,0.0,Male,0,45,Self-employed,Work,Two Wheeler,5.0,15,0,7,0,0,2,0,1,2,17914,0.5496761102005776,0,0,No,1,0.1832253700668592,0.0
245,16. Ram Tirath Road,0,0,0,0,981.2631111111111,0.0,Male,0,20,Self-employed,Work,Two Wheeler,6.0,30,0,7,0,0,1,0,0,1,17914,0.5496761102005776,0,0,No,1,0.1832253700668592,0.0
245,16. Ram Tirath Road,1,1,0,0,6.060158207000109,0.0,Male,0,20,Self-employed,Work,Two Wheeler,6.0,30,0,7,0,0,1,0,0,1,17914,0.5496761102005776,0,0,No,1,0.1832253700668592,0.0
246,33. Tara Wala pul,0,0,0,0,841.0826666666667,0.0,Male,0,26,Private salaried job,Work,Two Wheeler,6.0,20,0,6,0,0,1,2,1,3,22000,0.3902286740029658,0,0,Yes,1,0.1300762246676552,0.0
246,33. Tara Wala pul,1,1,0,0,8.677389537760112,0.0,Male,0,26,Private salaried job,Work,Two Wheeler,6.0,20,0,6,0,0,1,2,1,3,22000,0.3902286740029658,0,0,Yes,1,0.1300762246676552,0.0
247,5. Ghee Mandi Chowk,0,0,1,0,981.2631111111111,0.0,Male,0,35,Self-employed,Work,Two Wheeler,6.0,10,0,7,0,0,4,3,2,7,17914,0.5496761102005776,0,0,Yes,1,0.1832253700668592,0.0
247,5. Ghee Mandi Chowk,1,1,1,1,303.1,10.0,Male,0,35,Self-employed,Work,Two Wheeler,6.0,10,0,7,0,0,4,3,2,7,17914,0.5496761102005776,0,0,Yes,1,0.1832253700668592,0.1832253700668592
248,34. Valmiki Chowk,0,0,0,0,560.7217777777778,0.0,Male,0,44,Private salaried job,Work,Two Wheeler,6.0,5,0,4,0,0,1,0,1,1,22000,0.3902286740029658,0,0,Yes,1,0.1300762246676552,0.0
248,34. Valmiki Chowk,1,1,0,0,4.125715692736804,0.0,Male,0,44,Private salaried job,Work,Two Wheeler,6.0,5,0,4,0,0,1,0,1,1,22000,0.3902286740029658,0,0,Yes,1,0.1300762246676552,0.0
249,17. Ratan Singh Chowk,0,0,0,0,1121.4435555555556,0.0,Female,1,45,Government salaried job,Work,Two Wheeler,8.0,30,0,6,0,0,1,1,1,2,26000,0.2341372044017794,0,0,Yes,1,0.0780457348005931,0.0
249,17. Ratan Singh Chowk,1,1,0,0,3.741840434071827,0.0,Female,1,45,Government salaried job,Work,Two Wheeler,8.0,30,0,6,0,0,1,1,1,2,26000,0.2341372044017794,0,0,Yes,1,0.0780457348005931,0.0
250,5. Ghee Mandi Chowk,0,0,0,0,1261.6239999999998,0.0,Male,0,46,Self-employed,Work,Two Wheeler,9.0,30,0,6,0,0,3,0,1,3,17914,0.5496761102005776,0,0,No,1,0.1832253700668592,0.0
250,5. Ghee Mandi Chowk,1,1,0,0,4.258820863735099,0.0,Male,0,46,Self-employed,Work,Two Wheeler,9.0,30,0,6,0,0,3,0,1,3,17914,0.5496761102005776,0,0,No,1,0.1832253700668592,0.0
251,14. Municipal Corporation,0,0,0,0,1401.8044444444445,0.0,Male,0,19,Student,Education,Two Wheeler,10.0,10,0,6,0,0,4,2,0,6,0,1.0,0,0,Yes,0,0.3333333333333333,0.0
251,14. Municipal Corporation,1,1,0,0,6.519310255799741,0.0,Male,0,19,Student,Education,Two Wheeler,10.0,10,0,6,0,0,4,2,0,6,0,1.0,0,0,Yes,0,0.3333333333333333,0.0
252,3. Bus stand,0,0,0,0,700.9022222222222,0.0,Male,0,25,Private salaried job,Work,Two Wheeler,10.0,20,0,3,0,0,1,0,0,1,22000,0.3902286740029658,0,0,Yes,1,0.1300762246676552,0.0
252,3. Bus stand,1,1,0,0,8.674906317523249,0.0,Male,0,25,Private salaried job,Work,Two Wheeler,10.0,20,0,3,0,0,1,0,0,1,22000,0.3902286740029658,0,0,Yes,1,0.1300762246676552,0.0
253,21. Vallah Bypass,0,0,0,0,1401.8044444444445,0.0,Male,0,25,Self-employed,Work,Two Wheeler,10.0,15,0,6,0,0,1,0,1,1,17914,0.5496761102005776,0,0,No,1,0.1832253700668592,0.0
253,21. Vallah Bypass,1,1,0,0,4.538968820762998,0.0,Male,0,25,Self-employed,Work,Two Wheeler,10.0,15,0,6,0,0,1,0,1,1,17914,0.5496761102005776,0,0,No,1,0.1832253700668592,0.0
254,11. Loharka Road,0,0,0,0,2126.070074074074,0.0,Male,0,35,Self-employed,Work,Two Wheeler,13.0,20,0,7,0,0,1,0,1,1,17914,0.5496761102005776,0,0,No,1,0.1832253700668592,0.0
254,11. Loharka Road,1,1,0,0,2.478395629513581,0.0,Male,0,35,Self-employed,Work,Two Wheeler,13.0,20,0,7,0,0,1,0,1,1,17914,0.5496761102005776,0,0,No,1,0.1832253700668592,0.0
255,1. 100 ft road Chowk,0,0,0,0,1822.3457777777778,0.0,Male,0,37,Private salaried job,Work,Two Wheeler,13.0,15,0,6,0,0,1,0,0,1,22000,0.3902286740029658,0,0,No,1,0.1300762246676552,0.0
255,1. 100 ft road Chowk,1,1,0,0,2.366623629975812,0.0,Male,0,37,Private salaried job,Work,Two Wheeler,13.0,15,0,6,0,0,1,0,0,1,22000,0.3902286740029658,0,0,No,1,0.1300762246676552,0.0
256,13. Mudhal Bypass,0,0,0,0,911.1728888888889,0.0,Female,1,40,Homemaker,Work,Two Wheeler,13.0,40,0,3,0,0,1,0,1,1,0,1.0,0,0,No,0,0.3333333333333333,0.0
256,13. Mudhal Bypass,1,1,0,0,7.460142802434464,0.0,Female,1,40,Homemaker,Work,Two Wheeler,13.0,40,0,3,0,0,1,0,1,1,0,1.0,0,0,No,0,0.3333333333333333,0.0
257,33. Tara Wala pul,0,0,0,0,2289.6139259259257,0.0,Male,0,30,Self-employed,Work,Two Wheeler,14.0,20,0,7,0,0,3,3,0,6,17914,0.5496761102005776,0,0,No,1,0.1832253700668592,0.0
257,33. Tara Wala pul,1,1,0,0,8.165687634239104,0.0,Male,0,30,Self-employed,Work,Two Wheeler,14.0,20,0,7,0,0,3,3,0,6,17914,0.5496761102005776,0,0,No,1,0.1832253700668592,0.0
258,Chattarwind_Gate,0,0,0,0,1962.5262222222223,0.0,Female,1,40,Self-employed,Work,Two Wheeler,14.0,30,0,6,0,0,1,0,1,1,6374,1.0,0,0,No,1,0.3333333333333333,0.0
258,Chattarwind_Gate,1,1,0,0,1.0527807985412496,0.0,Female,1,40,Self-employed,Work,Two Wheeler,14.0,30,0,6,0,0,1,0,1,1,6374,1.0,0,0,No,1,0.3333333333333333,0.0
259,15. Rajasansi,0,0,0,0,350.4511111111111,0.0,Male,0,37,Self-employed,Religious,Two Wheeler,15.0,30,0,1,0,0,1,1,0,2,17914,0.5496761102005776,0,0,No,1,0.1832253700668592,0.0
259,15. Rajasansi,1,1,0,0,0.6655885695517816,0.0,Male,0,37,Self-employed,Religious,Two Wheeler,15.0,30,0,1,0,0,1,1,0,2,17914,0.5496761102005776,0,0,No,1,0.1832253700668592,0.0
260,30. Novelty Chowk,0,0,0,0,2780.2454814814814,0.0,Male,0,20,Private salaried job,Work,Two Wheeler,17.0,30,0,7,0,0,1,0,1,1,22000,0.3902286740029658,0,0,No,1,0.1300762246676552,0.0
260,30. Novelty Chowk,1,1,0,0,5.944336637564518,0.0,Male,0,20,Private salaried job,Work,Two Wheeler,17.0,30,0,7,0,0,1,0,1,1,22000,0.3902286740029658,0,0,No,1,0.1300762246676552,0.0
261,19. Sultanwind,0,0,0,0,3270.877037037037,0.0,Male,0,28,Self-employed,Work,Two Wheeler,20.0,30,0,7,0,0,1,1,0,2,17914,0.5496761102005776,0,0,No,1,0.1832253700668592,0.0
261,19. Sultanwind,1,1,0,0,1.4617324419269828,0.0,Male,0,28,Self-employed,Work,Two Wheeler,20.0,30,0,7,0,0,1,1,0,2,17914,0.5496761102005776,0,0,No,1,0.1832253700668592,0.0
262,14. Municipal Corporation,0,0,0,0,3504.511111111111,0.0,Male,0,17,Student,Education,Two Wheeler,25.0,40,0,6,0,0,2,0,1,2,0,1.0,0,0,No,0,0.3333333333333333,0.0
262,14. Municipal Corporation,1,1,0,0,8.246641904563413,0.0,Male,0,17,Student,Education,Two Wheeler,25.0,40,0,6,0,0,2,0,1,2,0,1.0,0,0,No,0,0.3333333333333333,0.0
263,35. Verka Bypass,0,0,0,0,303.1,0.0,Male,0,24,Self-employed,Work,Shared Autorickshaw,2.0,10,10,7,5,0,1,0,0,1,17914,0.5496761102005776,0,0,Yes,1,0.1832253700668592,0.0
263,35. Verka Bypass,1,1,0,0,306.2033467392408,0.0,Male,0,24,Self-employed,Work,Shared Autorickshaw,2.0,10,10,7,5,0,1,0,0,1,17914,0.5496761102005776,0,0,Yes,1,0.1832253700668592,0.0
264,35. Verka Bypass,0,0,0,0,259.8,0.0,Male,0,28,Self-employed,Work,Shared Autorickshaw,2.0,10,10,6,10,0,1,0,0,1,17914,0.5496761102005776,0,0,Yes,1,0.1832253700668592,0.0
264,35. Verka Bypass,1,1,0,0,261.23871932971144,0.0,Male,0,28,Self-employed,Work,Shared Autorickshaw,2.0,10,10,6,10,0,1,0,0,1,17914,0.5496761102005776,0,0,Yes,1,0.1832253700668592,0.0
265,14. Municipal Corporation,0,0,1,0,86.6,0.0,Female,1,22,Student,Education,Shared Autorickshaw,3.0,10,20,1,2,200,2,0,1,2,0,1.0,0,0,No,0,0.3333333333333333,0.0
265,14. Municipal Corporation,1,1,1,1,21.65,5.0,Female,1,22,Student,Education,Shared Autorickshaw,3.0,10,20,1,2,200,2,0,1,2,0,1.0,0,0,No,0,0.3333333333333333,0.3333333333333333
266,16. Ram Tirath Road,0,0,0,0,433.0,0.0,Male,0,26,Self-employed,Work,Shared Autorickshaw,3.0,30,20,5,5,200,2,0,1,2,17914,0.5496761102005776,0,0,No,1,0.1832253700668592,0.0
266,16. Ram Tirath Road,1,1,0,0,434.6553172273528,0.0,Male,0,26,Self-employed,Work,Shared Autorickshaw,3.0,30,20,5,5,200,2,0,1,2,17914,0.5496761102005776,0,0,No,1,0.1832253700668592,0.0
267,33. Tara Wala pul,0,0,0,0,259.8,0.0,Male,0,30,Private salaried job,Work,Shared Autorickshaw,3.0,10,20,3,5,200,1,1,1,2,22000,0.3902286740029658,0,0,Yes,1,0.1300762246676552,0.0
267,33. Tara Wala pul,1,1,0,0,262.64720082337936,0.0,Male,0,30,Private salaried job,Work,Shared Autorickshaw,3.0,10,20,3,5,200,1,1,1,2,22000,0.3902286740029658,0,0,Yes,1,0.1300762246676552,0.0
268,24. GNDU,0,0,0,0,1732.0,0.0,Female,1,21,Student,Education,Shared Autorickshaw,4.0,60,80,5,15,100,1,0,0,1,0,1.0,0,0,Yes,0,0.3333333333333333,0.0
268,24. GNDU,1,1,0,0,1733.5361339519206,0.0,Female,1,21,Student,Education,Shared Autorickshaw,4.0,60,80,5,15,100,1,0,0,1,0,1.0,0,0,Yes,0,0.3333333333333333,0.0
269,14. Municipal Corporation,0,0,0,0,519.6,0.0,Male,0,23,Private salaried job,Work,Shared Autorickshaw,4.0,20,30,4,7,100,1,1,0,2,22000,0.3902286740029658,0,0,Yes,1,0.1300762246676552,0.0
269,14. Municipal Corporation,1,1,0,0,520.7549006366536,0.0,Male,0,23,Private salaried job,Work,Shared Autorickshaw,4.0,20,30,4,7,100,1,1,0,2,22000,0.3902286740029658,0,0,Yes,1,0.1300762246676552,0.0
270,14. Municipal Corporation,0,0,1,0,259.8,0.0,Male,0,24,Private salaried job,Work,Shared Autorickshaw,4.0,25,20,3,10,500,1,0,1,1,22000,0.3902286740029658,0,0,Yes,1,0.1300762246676552,0.0
270,14. Municipal Corporation,1,1,1,1,129.9,10.0,Male,0,24,Private salaried job,Work,Shared Autorickshaw,4.0,25,20,3,10,500,1,0,1,1,22000,0.3902286740029658,0,0,Yes,1,0.1300762246676552,0.1300762246676552
271,18. Spring Dale,0,0,0,0,173.2,0.0,Male,0,34,Self-employed,Work,Shared Autorickshaw,5.0,10,20,2,2,100,0,1,0,1,17914,0.5496761102005776,0,0,No,1,0.1832253700668592,0.0
271,18. Spring Dale,1,1,0,0,173.75395409164258,0.0,Male,0,34,Self-employed,Work,Shared Autorickshaw,5.0,10,20,2,2,100,0,1,0,1,17914,0.5496761102005776,0,0,No,1,0.1832253700668592,0.0
272,35. Verka Bypass,0,0,0,0,519.6,0.0,Male,0,55,Self-employed,Work,Shared Autorickshaw,5.0,15,20,6,0,0,0,0,0,0,17914,0.5496761102005776,1,0,Yes,1,0.5165587034001925,0.0
272,35. Verka Bypass,1,1,0,0,521.3464147093586,0.0,Male,0,55,Self-employed,Work,Shared Autorickshaw,5.0,15,20,6,0,0,0,0,0,0,17914,0.5496761102005776,1,0,Yes,1,0.5165587034001925,0.0
273,8. Hall Gate,0,0,1,0,909.3,0.0,Male,0,26,Self-employed,Work,Shared Autorickshaw,6.0,30,30,7,10,0,1,0,4,1,17914,0.5496761102005776,0,0,No,1,0.1832253700668592,0.0
273,8. Hall Gate,1,1,1,1,303.1,10.0,Male,0,26,Self-employed,Work,Shared Autorickshaw,6.0,30,30,7,10,0,1,0,4,1,17914,0.5496761102005776,0,0,No,1,0.1832253700668592,0.1832253700668592
274,18. Spring Dale,0,0,0,0,173.2,0.0,Male,0,42,Self-employed,Work,Shared Autorickshaw,6.0,20,20,2,2,200,0,0,0,0,17914,0.5496761102005776,1,0,No,1,0.5165587034001925,0.0
274,18. Spring Dale,1,1,0,0,179.1114381611097,0.0,Male,0,42,Self-employed,Work,Shared Autorickshaw,6.0,20,20,2,2,200,0,0,0,0,17914,0.5496761102005776,1,0,No,1,0.5165587034001925,0.0
275,14. Municipal Corporation,0,0,0,0,173.2,0.0,Male,0,45,Self-employed,Shopping,Shared Autorickshaw,6.0,20,20,2,5,0,0,0,1,0,17914,0.5496761102005776,1,0,No,1,0.5165587034001925,0.0
275,14. Municipal Corporation,1,1,0,0,180.00714526799504,0.0,Male,0,45,Self-employed,Shopping,Shared Autorickshaw,6.0,20,20,2,5,0,0,0,1,0,17914,0.5496761102005776,1,0,No,1,0.5165587034001925,0.0
276,36. Verka Railway Station,0,0,1,0,1039.2,0.0,Male,0,34,Labourer,Work,Shared Autorickshaw,7.0,20,40,6,2,0,1,0,1,1,13650,0.7160696167954421,0,0,Yes,1,0.2386898722651473,0.0
276,36. Verka Railway Station,1,1,1,1,389.7,15.0,Male,0,34,Labourer,Work,Shared Autorickshaw,7.0,20,40,6,2,0,1,0,1,1,13650,0.7160696167954421,0,0,Yes,1,0.2386898722651473,0.2386898722651473
277,7. Guru Ram Das Charitable Hospital,0,0,1,0,519.6,0.0,Male,0,34,Self-employed,Work,Shared Autorickshaw,7.0,20,20,6,10,0,0,0,1,0,17914,0.5496761102005776,1,0,No,1,0.5165587034001925,0.0
277,7. Guru Ram Das Charitable Hospital,1,1,1,1,389.7,15.0,Male,0,34,Self-employed,Work,Shared Autorickshaw,7.0,20,20,6,10,0,0,0,1,0,17914,0.5496761102005776,1,0,No,1,0.5165587034001925,0.5165587034001925
278,21. Vallah Bypass,0,0,1,0,433.0,0.0,Female,1,25,Private salaried job,Work,Shared Autorickshaw,8.0,20,20,5,10,200,1,0,1,1,17000,0.5853430110044486,0,0,No,1,0.1951143370014828,0.0
278,21. Vallah Bypass,1,1,1,1,324.75,15.0,Female,1,25,Private salaried job,Work,Shared Autorickshaw,8.0,20,20,5,10,200,1,0,1,1,17000,0.5853430110044486,0,0,No,1,0.1951143370014828,0.1951143370014828
279,5. Ghee Mandi Chowk,0,0,1,0,1299.0,0.0,Male,0,43,Private salaried job,Work,Shared Autorickshaw,8.0,25,50,6,5,200,0,0,0,0,22000,0.3902286740029658,1,0,Yes,1,0.4634095580009886,0.0
279,5. Ghee Mandi Chowk,1,1,1,1,389.7,15.0,Male,0,43,Private salaried job,Work,Shared Autorickshaw,8.0,25,50,6,5,200,0,0,0,0,22000,0.3902286740029658,1,0,Yes,1,0.4634095580009886,0.4634095580009886
280,17. Ratan Singh Chowk,0,0,0,0,519.6,0.0,Male,0,21,Self-employed,Work,Shared Autorickshaw,9.0,15,20,6,5,0,0,0,0,0,17914,0.5496761102005776,1,0,No,1,0.5165587034001925,0.0
280,17. Ratan Singh Chowk,1,1,0,0,528.111316268222,0.0,Male,0,21,Self-employed,Work,Shared Autorickshaw,9.0,15,20,6,5,0,0,0,0,0,17914,0.5496761102005776,1,0,No,1,0.5165587034001925,0.0
281,16. Ram Tirath Road,0,0,0,0,346.4,0.0,Female,1,30,Homemaker,Work,Shared Autorickshaw,9.0,20,40,2,5,100,1,0,1,1,0,1.0,0,0,No,0,0.3333333333333333,0.0
281,16. Ram Tirath Road,1,1,0,0,346.8347506201279,0.0,Female,1,30,Homemaker,Work,Shared Autorickshaw,9.0,20,40,2,5,100,1,0,1,1,0,1.0,0,0,No,0,0.3333333333333333,0.0
282,11. Loharka Road,0,0,0,0,86.6,0.0,Male,0,30,Self-employed,Work,Shared Autorickshaw,10.0,30,20,1,15,500,1,1,1,2,17914,0.5496761102005776,0,0,Yes,1,0.1832253700668592,0.0
282,11. Loharka Road,1,1,0,0,88.41498409596524,0.0,Male,0,30,Self-employed,Work,Shared Autorickshaw,10.0,30,20,1,15,500,1,1,1,2,17914,0.5496761102005776,0,0,Yes,1,0.1832253700668592,0.0
283,11. Loharka Road,0,0,0,0,433.0,0.0,Male,0,40,Private salaried job,Work,Shared Autorickshaw,12.0,25,20,5,20,200,2,1,0,3,22000,0.3902286740029658,0,0,No,1,0.1300762246676552,0.0
283,11. Loharka Road,1,1,0,0,435.367448711044,0.0,Male,0,40,Private salaried job,Work,Shared Autorickshaw,12.0,25,20,5,20,200,2,1,0,3,22000,0.3902286740029658,0,0,No,1,0.1300762246676552,0.0
284,22. 100 feet raod,0,0,1,0,346.4,0.0,Male,0,66,Unemployed,Work,Shared Autorickshaw,13.0,35,40,2,5,200,1,0,0,1,0,1.0,0,1,Yes,0,0.6666666666666666,0.0
284,22. 100 feet raod,1,1,1,1,173.2,20.0,Male,0,66,Unemployed,Work,Shared Autorickshaw,13.0,35,40,2,5,200,1,0,0,1,0,1.0,0,1,Yes,0,0.6666666666666666,0.6666666666666666
285,16. Ram Tirath Road,0,0,0,0,649.5,0.0,Female,1,30,Homemaker,Work,Shared Autorickshaw,15.0,40,25,6,5,100,0,0,0,0,0,1.0,1,0,Yes,0,0.6666666666666666,0.0
285,16. Ram Tirath Road,1,1,0,0,655.2123265174278,0.0,Female,1,30,Homemaker,Work,Shared Autorickshaw,15.0,40,25,6,5,100,0,0,0,0,0,1.0,1,0,Yes,0,0.6666666666666666,0.0
286,24. GNDU,0,0,0,0,0.0,0.0,Male,0,21,Self-employed,Work,Bicycle,9.0,60,0,6,0,0,0,0,1,0,17914,0.5496761102005776,1,0,Yes,1,0.5165587034001925,0.0
286,24. GNDU,1,1,0,0,4.162624257031923,0.0,Male,0,21,Self-employed,Work,Bicycle,9.0,60,0,6,0,0,0,0,1,0,17914,0.5496761102005776,1,0,Yes,1,0.5165587034001925,0.0
287,2. Amritsar Engineering College,0,0,0,0,0.0,0.0,Male,0,32,Private salaried job,Work,Bicycle,11.0,45,0,6,0,0,1,0,1,1,22000,0.3902286740029658,0,0,No,1,0.1300762246676552,0.0
287,2. Amritsar Engineering College,1,1,0,0,0.4925411992759398,0.0,Male,0,32,Private salaried job,Work,Bicycle,11.0,45,0,6,0,0,1,0,1,1,22000,0.3902286740029658,0,0,No,1,0.1300762246676552,0.0
288,33. Tara Wala pul,0,0,0,0,519.6,0.0,Male,0,18,Student,Education,Shared E-Rickshaw,2.0,10,20,6,5,0,2,1,0,3,0,1.0,0,0,No,0,0.3333333333333333,0.0
288,33. Tara Wala pul,1,1,0,0,523.3361413845957,0.0,Male,0,18,Student,Education,Shared E-Rickshaw,2.0,10,20,6,5,0,2,1,0,3,0,1.0,0,0,No,0,0.3333333333333333,0.0
289,34. Valmiki Chowk,0,0,0,0,86.6,0.0,Female,1,30,Homemaker,Religious,Shared E-Rickshaw,3.0,30,20,1,5,200,2,0,1,2,0,1.0,0,0,Yes,0,0.3333333333333333,0.0
289,34. Valmiki Chowk,1,1,0,0,91.83752948717635,0.0,Female,1,30,Homemaker,Religious,Shared E-Rickshaw,3.0,30,20,1,5,200,2,0,1,2,0,1.0,0,0,Yes,0,0.3333333333333333,0.0
290,7. Guru Ram Das Charitable Hospital,0,0,0,0,519.6,0.0,Male,0,20,Self-employed,Work,Shared E-Rickshaw,4.0,20,20,6,0,0,1,0,0,1,17914,0.5496761102005776,0,0,No,1,0.1832253700668592,0.0
290,7. Guru Ram Das Charitable Hospital,1,1,0,0,520.6167190290372,0.0,Male,0,20,Self-employed,Work,Shared E-Rickshaw,4.0,20,20,6,0,0,1,0,0,1,17914,0.5496761102005776,0,0,No,1,0.1832253700668592,0.0
291,30. Novelty Chowk,0,0,0,0,519.6,0.0,Male,0,20,Self-employed,Work,Shared E-Rickshaw,4.0,15,20,6,1,0,1,0,0,1,17914,0.5496761102005776,0,0,Yes,1,0.1832253700668592,0.0
291,30. Novelty Chowk,1,1,0,0,527.9345855378856,0.0,Male,0,20,Self-employed,Work,Shared E-Rickshaw,4.0,15,20,6,1,0,1,0,0,1,17914,0.5496761102005776,0,0,Yes,1,0.1832253700668592,0.0
292,14. Municipal Corporation,0,0,0,0,519.6,0.0,Female,1,24,Student,Education,Shared E-Rickshaw,4.0,20,20,6,2,0,1,0,0,1,0,1.0,0,0,No,0,0.3333333333333333,0.0
292,14. Municipal Corporation,1,1,0,0,520.1196186646511,0.0,Female,1,24,Student,Education,Shared E-Rickshaw,4.0,20,20,6,2,0,1,0,0,1,0,1.0,0,0,No,0,0.3333333333333333,0.0
293,21. Vallah Bypass,0,0,0,0,433.0,0.0,Male,0,36,Private salaried job,Work,Shared E-Rickshaw,4.0,30,20,5,10,200,2,0,1,2,22000,0.3902286740029658,0,0,No,1,0.1300762246676552,0.0
293,21. Vallah Bypass,1,1,0,0,442.24841869018064,0.0,Male,0,36,Private salaried job,Work,Shared E-Rickshaw,4.0,30,20,5,10,200,2,0,1,2,22000,0.3902286740029658,0,0,No,1,0.1300762246676552,0.0
294,5. Ghee Mandi Chowk,0,0,0,0,259.8,0.0,Male,0,40,Self-employed,Work,Shared E-Rickshaw,4.0,10,20,3,5,100,1,0,0,1,17914,0.5496761102005776,0,0,No,1,0.1832253700668592,0.0
294,5. Ghee Mandi Chowk,1,1,0,0,260.7911314157988,0.0,Male,0,40,Self-employed,Work,Shared E-Rickshaw,4.0,10,20,3,5,100,1,0,0,1,17914,0.5496761102005776,0,0,No,1,0.1832253700668592,0.0
295,8. Hall Gate,0,0,0,0,433.0,0.0,Female,1,22,Student,Education,Shared E-Rickshaw,5.0,15,20,5,0,0,1,0,0,1,0,1.0,0,0,No,0,0.3333333333333333,0.0
295,8. Hall Gate,1,1,0,0,441.43574951597753,0.0,Female,1,22,Student,Education,Shared E-Rickshaw,5.0,15,20,5,0,0,1,0,0,1,0,1.0,0,0,No,0,0.3333333333333333,0.0
296,Majitha_Road,0,0,0,0,866.0,0.0,Male,0,23,Private salaried job,Health,Shared E-Rickshaw,5.0,20,50,4,5,100,1,0,1,1,22000,0.3902286740029658,0,0,Yes,1,0.1300762246676552,0.0
296,Majitha_Road,1,1,0,0,875.0265314392761,0.0,Male,0,23,Private salaried job,Health,Shared E-Rickshaw,5.0,20,50,4,5,100,1,0,1,1,22000,0.3902286740029658,0,0,Yes,1,0.1300762246676552,0.0
297,14. Municipal Corporation,0,0,0,0,173.2,0.0,Male,0,26,Labourer,Work,Shared E-Rickshaw,5.0,25,20,2,2,1000,0,0,0,0,13650,0.7160696167954421,1,0,Yes,1,0.5720232055984807,0.0
297,14. Municipal Corporation,1,1,0,0,182.99570680586592,0.0,Male,0,26,Labourer,Work,Shared E-Rickshaw,5.0,25,20,2,2,1000,0,0,0,0,13650,0.7160696167954421,1,0,Yes,1,0.5720232055984807,0.0
298,13. Mudhal Bypass,0,0,0,0,173.2,0.0,Female,1,22,Student,Education,Shared E-Rickshaw,6.0,20,20,2,0,150,2,0,0,2,0,1.0,0,0,No,0,0.3333333333333333,0.0
298,13. Mudhal Bypass,1,1,0,0,181.2202588027359,0.0,Female,1,22,Student,Education,Shared E-Rickshaw,6.0,20,20,2,0,150,2,0,0,2,0,1.0,0,0,No,0,0.3333333333333333,0.0
299,17. Ratan Singh Chowk,0,0,0,0,519.6,0.0,Male,0,18,Labourer,Work,Shared E-Rickshaw,7.0,30,20,6,0,0,0,0,1,0,13650,0.7160696167954421,1,0,No,1,0.5720232055984807,0.0
299,17. Ratan Singh Chowk,1,1,0,0,527.3947754077133,0.0,Male,0,18,Labourer,Work,Shared E-Rickshaw,7.0,30,20,6,0,0,0,0,1,0,13650,0.7160696167954421,1,0,No,1,0.5720232055984807,0.0
300,3. Bus stand,0,0,1,0,1039.2,0.0,Female,1,19,Student,Education,Shared E-Rickshaw,7.0,60,40,6,0,0,1,0,0,1,0,1.0,0,0,Yes,0,0.3333333333333333,0.0
300,3. Bus stand,1,1,1,1,389.7,15.0,Female,1,19,Student,Education,Shared E-Rickshaw,7.0,60,40,6,0,0,1,0,0,1,0,1.0,0,0,Yes,0,0.3333333333333333,0.3333333333333333
301,14. Municipal Corporation,0,0,0,0,259.8,0.0,Male,0,22,Private salaried job,Work,Shared E-Rickshaw,7.0,25,20,3,0,0,1,1,0,2,22000,0.3902286740029658,0,0,Yes,1,0.1300762246676552,0.0
301,14. Municipal Corporation,1,1,0,0,267.5899635457813,0.0,Male,0,22,Private salaried job,Work,Shared E-Rickshaw,7.0,25,20,3,0,0,1,1,0,2,22000,0.3902286740029658,0,0,Yes,1,0.1300762246676552,0.0
302,16. Ram Tirath Road,0,0,1,0,519.6,0.0,Female,1,20,Student,Education,Shared E-Rickshaw,10.0,20,20,6,5,200,2,1,1,3,0,1.0,0,0,No,0,0.3333333333333333,0.0
302,16. Ram Tirath Road,1,1,1,1,389.7,15.0,Female,1,20,Student,Education,Shared E-Rickshaw,10.0,20,20,6,5,200,2,1,1,3,0,1.0,0,0,No,0,0.3333333333333333,0.3333333333333333
303,11. Loharka Road,0,0,0,0,259.8,0.0,Male,0,22,Homemaker,Work,Shared E-Rickshaw,10.0,30,20,3,25,200,1,0,0,1,0,1.0,0,0,No,0,0.3333333333333333,0.0
303,11. Loharka Road,1,1,0,0,265.1606803594764,0.0,Male,0,22,Homemaker,Work,Shared E-Rickshaw,10.0,30,20,3,25,200,1,0,0,1,0,1.0,0,0,No,0,0.3333333333333333,0.0
304,15. Rajasansi,0,0,0,0,606.2,0.0,Male,0,44,Self-employed,Work,Shared E-Rickshaw,12.0,40,20,7,5,100,0,0,1,0,17914,0.5496761102005776,1,0,Yes,1,0.5165587034001925,0.0
304,15. Rajasansi,1,1,0,0,611.3422287019042,0.0,Male,0,44,Self-employed,Work,Shared E-Rickshaw,12.0,40,20,7,5,100,0,0,1,0,17914,0.5496761102005776,1,0,Yes,1,0.5165587034001925,0.0
305,2. Amritsar Engineering College,0,0,0,0,519.6,0.0,Male,0,22,Student,Education,Shared E-Rickshaw,13.0,30,40,3,5,0,2,2,0,4,0,1.0,0,0,Yes,0,0.3333333333333333,0.0
305,2. Amritsar Engineering College,1,1,0,0,528.1757214412256,0.0,Male,0,22,Student,Education,Shared E-Rickshaw,13.0,30,40,3,5,0,2,2,0,4,0,1.0,0,0,Yes,0,0.3333333333333333,0.0
306,30. Novelty Chowk,0,0,0,0,2598.0,0.0,Male,0,32,Self-employed,Work,Shared E-Rickshaw,14.0,25,200,3,2,0,1,0,1,1,17914,0.5496761102005776,0,0,No,1,0.1832253700668592,0.0
306,30. Novelty Chowk,1,1,0,0,2602.627993655936,0.0,Male,0,32,Self-employed,Work,Shared E-Rickshaw,14.0,25,200,3,2,0,1,0,1,1,17914,0.5496761102005776,0,0,No,1,0.1832253700668592,0.0
307,15. Rajasansi,0,0,0,0,346.4,0.0,Male,0,31,Private salaried job,Work,Private E-Rickshaw,15.0,30,20,4,30,100,0,0,1,0,22000,0.3902286740029658,1,0,No,1,0.4634095580009886,0.0
307,15. Rajasansi,1,1,0,0,350.2508949610035,0.0,Male,0,31,Private salaried job,Work,Private E-Rickshaw,15.0,30,20,4,30,100,0,0,1,0,22000,0.3902286740029658,1,0,No,1,0.4634095580009886,0.0
308,18. Spring Dale,0,0,0,0,163.54385185185185,0.0,Male,0,35,Self-employed,Work,Two Wheeler,1.0,5,0,7,0,0,1,0,1,1,17914,0.5496761102005776,0,0,No,1,0.1832253700668592,0.0
308,18. Spring Dale,1,1,0,0,6.395632712371101,0.0,Male,0,35,Self-employed,Work,Two Wheeler,1.0,5,0,7,0,0,1,0,1,1,17914,0.5496761102005776,0,0,No,1,0.1832253700668592,0.0
309,16. Ram Tirath Road,0,0,0,0,327.0877037037037,0.0,Male,0,33,Self-employed,Work,Two Wheeler,2.0,20,0,7,0,0,0,0,1,0,17914,0.5496761102005776,1,0,No,1,0.5165587034001925,0.0
309,16. Ram Tirath Road,1,1,0,0,2.6646331750084604,0.0,Male,0,33,Self-employed,Work,Two Wheeler,2.0,20,0,7,0,0,0,0,1,0,17914,0.5496761102005776,1,0,No,1,0.5165587034001925,0.0
310,16. Ram Tirath Road,0,0,0,0,280.3608888888889,0.0,Female,1,22,Student,Education,Two Wheeler,3.0,15,0,4,0,0,2,1,0,3,0,1.0,0,0,No,0,0.3333333333333333,0.0
310,16. Ram Tirath Road,1,1,0,0,1.397684109539569,0.0,Female,1,22,Student,Education,Two Wheeler,3.0,15,0,4,0,0,2,1,0,3,0,1.0,0,0,No,0,0.3333333333333333,0.0
311,14. Municipal Corporation,0,0,0,0,560.7217777777778,0.0,Female,1,23,Student,Education,Two Wheeler,4.0,5,0,6,0,0,1,0,0,1,0,1.0,0,0,No,0,0.3333333333333333,0.0
311,14. Municipal Corporation,1,1,0,0,4.778772740237458,0.0,Female,1,23,Student,Education,Two Wheeler,4.0,5,0,6,0,0,1,0,0,1,0,1.0,0,0,No,0,0.3333333333333333,0.0
312,3. Bus stand,0,0,0,0,467.2681481481481,0.0,Male,0,35,Private salaried job,Work,Two Wheeler,4.0,20,0,5,0,0,1,0,0,1,22000,0.3902286740029658,0,0,Yes,1,0.1300762246676552,0.0
312,3. Bus stand,1,1,0,0,4.16889368594885,0.0,Male,0,35,Private salaried job,Work,Two Wheeler,4.0,20,0,5,0,0,1,0,0,1,22000,0.3902286740029658,0,0,Yes,1,0.1300762246676552,0.0
313,21. Vallah Bypass,0,0,1,0,700.9022222222222,0.0,Male,0,30,Private salaried job,Work,Two Wheeler,5.0,10,0,6,0,0,2,0,0,2,22000,0.3902286740029658,0,0,No,1,0.1300762246676552,0.0
313,21. Vallah Bypass,1,1,1,1,259.8,10.0,Male,0,30,Private salaried job,Work,Two Wheeler,5.0,10,0,6,0,0,2,0,0,2,22000,0.3902286740029658,0,0,No,1,0.1300762246676552,0.1300762246676552
314,8. Hall Gate,0,0,0,0,700.9022222222222,0.0,Male,0,34,Self-employed,Work,Two Wheeler,5.0,15,0,6,0,0,1,0,0,1,17914,0.5496761102005776,0,0,No,1,0.1832253700668592,0.0
314,8. Hall Gate,1,1,0,0,3.67511810115128,0.0,Male,0,34,Self-employed,Work,Two Wheeler,5.0,15,0,6,0,0,1,0,0,1,17914,0.5496761102005776,0,0,No,1,0.1832253700668592,0.0
315,21. Vallah Bypass,0,0,0,0,1144.8069629629629,0.0,Male,0,40,Self-employed,Work,Two Wheeler,7.0,20,0,7,0,0,2,1,0,3,17914,0.5496761102005776,0,0,No,1,0.1832253700668592,0.0
315,21. Vallah Bypass,1,1,0,0,3.663924498262474,0.0,Male,0,40,Self-employed,Work,Two Wheeler,7.0,20,0,7,0,0,2,1,0,3,17914,0.5496761102005776,0,0,No,1,0.1832253700668592,0.0
316,11. Loharka Road,0,0,0,0,1144.8069629629629,0.0,Male,0,55,Self-employed,Work,Two Wheeler,7.0,20,0,7,0,0,4,0,0,4,17914,0.5496761102005776,0,0,No,1,0.1832253700668592,0.0
316,11. Loharka Road,1,1,0,0,3.2749556441254546,0.0,Male,0,55,Self-employed,Work,Two Wheeler,7.0,20,0,7,0,0,4,0,0,4,17914,0.5496761102005776,0,0,No,1,0.1832253700668592,0.0
317,15. Rajasansi,0,0,0,0,1121.4435555555556,0.0,Male,0,45,Self-employed,Work,Two Wheeler,8.0,25,0,6,0,0,1,0,1,1,17914,0.5496761102005776,0,0,No,1,0.1832253700668592,0.0
317,15. Rajasansi,1,1,0,0,3.79464079726929,0.0,Male,0,45,Self-employed,Work,Two Wheeler,8.0,25,0,6,0,0,1,0,1,1,17914,0.5496761102005776,0,0,No,1,0.1832253700668592,0.0
318,22. 100 feet raod,0,0,0,0,1168.1703703703704,0.0,Male,0,20,Student,Education,Two Wheeler,10.0,25,0,5,0,0,2,0,1,2,0,1.0,0,0,Yes,0,0.3333333333333333,0.0
318,22. 100 feet raod,1,1,0,0,6.8574334545594535,0.0,Male,0,20,Student,Education,Two Wheeler,10.0,25,0,5,0,0,2,0,1,2,0,1.0,0,0,Yes,0,0.3333333333333333,0.0
319,15. Rajasansi,0,0,0,0,1962.5262222222223,0.0,Male,0,37,Self-employed,Work,Two Wheeler,12.0,20,0,7,0,0,2,1,0,3,17914,0.5496761102005776,0,0,No,1,0.1832253700668592,0.0
319,15. Rajasansi,1,1,0,0,2.968764745712853,0.0,Male,0,37,Self-employed,Work,Two Wheeler,12.0,20,0,7,0,0,2,1,0,3,17914,0.5496761102005776,0,0,No,1,0.1832253700668592,0.0
320,15. Rajasansi,0,0,1,0,560.7217777777778,0.0,Male,0,50,Self-employed,Religious,Two Wheeler,12.0,25,0,2,0,0,1,0,0,1,17914,0.5496761102005776,0,0,No,1,0.1832253700668592,0.0
320,15. Rajasansi,1,1,1,1,173.2,20.0,Male,0,50,Self-employed,Religious,Two Wheeler,12.0,25,0,2,0,0,1,0,0,1,17914,0.5496761102005776,0,0,No,1,0.1832253700668592,0.1832253700668592
321,15. Rajasansi,0,0,0,0,280.3608888888889,0.0,Male,0,50,Self-employed,Work,Two Wheeler,12.0,30,0,1,0,0,2,0,0,2,17914,0.5496761102005776,0,0,No,1,0.1832253700668592,0.0
321,15. Rajasansi,1,1,0,0,9.16348019538178,0.0,Male,0,50,Self-employed,Work,Two Wheeler,12.0,30,0,1,0,0,2,0,0,2,17914,0.5496761102005776,0,0,No,1,0.1832253700668592,0.0
322,11. Loharka Road,0,0,0,0,2289.6139259259257,0.0,Male,0,55,Self-employed,Work,Two Wheeler,14.0,30,0,7,0,0,1,0,0,1,17914,0.5496761102005776,0,0,No,1,0.1832253700668592,0.0
322,11. Loharka Road,1,1,0,0,4.809104283000786,0.0,Male,0,55,Self-employed,Work,Two Wheeler,14.0,30,0,7,0,0,1,0,0,1,17914,0.5496761102005776,0,0,No,1,0.1832253700668592,0.0
323,2. Amritsar Engineering College,0,0,0,0,3270.877037037037,0.0,Male,0,21,Student,Education,Two Wheeler,20.0,40,0,7,0,0,2,1,0,3,0,1.0,0,0,No,0,0.3333333333333333,0.0
323,2. Amritsar Engineering College,1,1,0,0,3.283612050046888,0.0,Male,0,21,Student,Education,Two Wheeler,20.0,40,0,7,0,0,2,1,0,3,0,1.0,0,0,No,0,0.3333333333333333,0.0
324,17. Ratan Singh Chowk,0,0,1,0,5724.034814814814,0.0,Male,0,35,Self-employed,Work,Two Wheeler,35.0,60,0,7,0,0,1,0,1,1,17914,0.5496761102005776,0,0,No,1,0.1832253700668592,0.0
324,17. Ratan Singh Chowk,1,1,1,1,909.3,30.0,Male,0,35,Self-employed,Work,Two Wheeler,35.0,60,0,7,0,0,1,0,1,1,17914,0.5496761102005776,0,0,No,1,0.1832253700668592,0.1832253700668592
325,2. Amritsar Engineering College,0,0,0,0,216.5,0.0,Male,0,20,Student,Education,Shared Autorickshaw,2.0,5,10,5,2,1000,2,0,0,2,0,1.0,0,0,Yes,0,0.3333333333333333,0.0
325,2. Amritsar Engineering College,1,1,0,0,224.98560488773623,0.0,Male,0,20,Student,Education,Shared Autorickshaw,2.0,5,10,5,2,1000,2,0,0,2,0,1.0,0,0,Yes,0,0.3333333333333333,0.0
326,32. Railway Station,0,0,0,0,173.2,0.0,Female,1,22,Private salaried job,Work,Shared Autorickshaw,2.0,10,20,2,2,100,2,0,0,2,17000,0.5853430110044486,0,0,No,1,0.1951143370014828,0.0
326,32. Railway Station,1,1,0,0,179.72587340560102,0.0,Female,1,22,Private salaried job,Work,Shared Autorickshaw,2.0,10,20,2,2,100,2,0,0,2,17000,0.5853430110044486,0,0,No,1,0.1951143370014828,0.0
327,14. Municipal Corporation,0,0,0,0,259.8,0.0,Male,0,23,Self-employed,Work,Shared Autorickshaw,4.0,20,30,2,5,300,1,1,1,2,17914,0.5496761102005776,0,0,Yes,1,0.1832253700668592,0.0
327,14. Municipal Corporation,1,1,0,0,267.8439182794708,0.0,Male,0,23,Self-employed,Work,Shared Autorickshaw,4.0,20,30,2,5,300,1,1,1,2,17914,0.5496761102005776,0,0,Yes,1,0.1832253700668592,0.0
328,2. Amritsar Engineering College,0,0,0,0,433.0,0.0,Male,0,26,Student,Education,Shared Autorickshaw,10.0,25,20,5,2,300,2,0,1,2,0,1.0,0,0,Yes,0,0.3333333333333333,0.0
328,2. Amritsar Engineering College,1,1,0,0,438.3272227606574,0.0,Male,0,26,Student,Education,Shared Autorickshaw,10.0,25,20,5,2,300,2,0,1,2,0,1.0,0,0,Yes,0,0.3333333333333333,0.0
329,2. Amritsar Engineering College,0,0,0,0,433.0,0.0,Male,0,20,Student,Education,Shared Autorickshaw,11.0,30,20,5,15,0,2,0,1,2,0,1.0,0,0,Yes,0,0.3333333333333333,0.0
329,2. Amritsar Engineering College,1,1,0,0,439.3291762926762,0.0,Male,0,20,Student,Education,Shared Autorickshaw,11.0,30,20,5,15,0,2,0,1,2,0,1.0,0,0,Yes,0,0.3333333333333333,0.0
330,15. Rajasansi,0,0,0,0,433.0,0.0,Male,0,18,Student,Work,Shared Autorickshaw,20.0,40,20,5,30,500,1,0,0,1,0,1.0,0,0,Yes,0,0.3333333333333333,0.0
330,15. Rajasansi,1,1,0,0,435.8815561418246,0.0,Male,0,18,Student,Work,Shared Autorickshaw,20.0,40,20,5,30,500,1,0,0,1,0,1.0,0,0,Yes,0,0.3333333333333333,0.0
331,17. Ratan Singh Chowk,0,0,1,0,519.6,0.0,Male,0,18,Private salaried job,Work,Shared E-Rickshaw,2.0,15,20,6,5,0,0,0,0,0,22000,0.3902286740029658,1,0,No,1,0.4634095580009886,0.0
331,17. Ratan Singh Chowk,1,1,1,1,129.9,5.0,Male,0,18,Private salaried job,Work,Shared E-Rickshaw,2.0,15,20,6,5,0,0,0,0,0,22000,0.3902286740029658,1,0,No,1,0.4634095580009886,0.4634095580009886
332,14. Municipal Corporation,0,0,0,0,519.6,0.0,Male,0,25,Private salaried job,Work,Shared E-Rickshaw,4.0,15,20,6,5,500,2,0,0,2,22000,0.3902286740029658,0,0,Yes,1,0.1300762246676552,0.0
332,14. Municipal Corporation,1,1,0,0,521.6240459312572,0.0,Male,0,25,Private salaried job,Work,Shared E-Rickshaw,4.0,15,20,6,5,500,2,0,0,2,22000,0.3902286740029658,0,0,Yes,1,0.1300762246676552,0.0
333,32. Railway Station,0,0,0,0,1039.2,0.0,Male,0,36,Self-employed,Work,Shared E-Rickshaw,6.0,15,40,6,0,0,1,0,2,1,17914,0.5496761102005776,0,0,Yes,1,0.1832253700668592,0.0
333,32. Railway Station,1,1,0,0,1046.147981288185,0.0,Male,0,36,Self-employed,Work,Shared E-Rickshaw,6.0,15,40,6,0,0,1,0,2,1,17914,0.5496761102005776,0,0,Yes,1,0.1832253700668592,0.0
334,5. Ghee Mandi Chowk,0,0,0,0,346.4,0.0,Male,0,48,Self-employed,Work,Shared E-Rickshaw,7.0,35,40,2,5,0,0,0,0,0,17914,0.5496761102005776,1,0,No,1,0.5165587034001925,0.0
334,5. Ghee Mandi Chowk,1,1,0,0,355.0071906832589,0.0,Male,0,48,Self-employed,Work,Shared E-Rickshaw,7.0,35,40,2,5,0,0,0,0,0,17914,0.5496761102005776,1,0,No,1,0.5165587034001925,0.0
335,14. Municipal Corporation,0,0,0,0,1401.8044444444445,0.0,Male,0,34,Self-employed,Work,Two Wheeler,12.0,30,0,5,0,0,3,2,0,5,17914,0.5496761102005776,0,0,No,1,0.1832253700668592,0.0
335,14. Municipal Corporation,1,1,0,0,1.3210283730154393,0.0,Male,0,34,Self-employed,Work,Two Wheeler,12.0,30,0,5,0,0,3,2,0,5,17914,0.5496761102005776,0,0,No,1,0.1832253700668592,0.0
336,15. Rajasansi,0,0,1,0,2126.070074074074,0.0,Male,0,50,Self-employed,Work,Two Wheeler,13.0,25,0,7,0,0,1,1,1,2,17914,0.5496761102005776,0,0,No,1,0.1832253700668592,0.0
336,15. Rajasansi,1,1,1,1,606.2,20.0,Male,0,50,Self-employed,Work,Two Wheeler,13.0,25,0,7,0,0,1,1,1,2,17914,0.5496761102005776,0,0,No,1,0.1832253700668592,0.1832253700668592
337,20. Sultanwind gate,0,0,0,0,129.9,0.0,Male,0,18,Student,Recreational,Shared Autorickshaw,1.0,5,10,3,5,0,3,1,1,4,0,1.0,0,0,No,0,0.3333333333333333,0.0
337,20. Sultanwind gate,1,1,0,0,130.85095748229935,0.0,Male,0,18,Student,Recreational,Shared Autorickshaw,1.0,5,10,3,5,0,3,1,1,4,0,1.0,0,0,No,0,0.3333333333333333,0.0
338,13. Mudhal Bypass,0,0,0,0,86.6,0.0,Female,1,24,Student,Education,Shared Autorickshaw,1.0,5,10,2,10,50,2,1,1,3,0,1.0,0,0,Yes,0,0.3333333333333333,0.0
338,13. Mudhal Bypass,1,1,0,0,93.85715628271426,0.0,Female,1,24,Student,Education,Shared Autorickshaw,1.0,5,10,2,10,50,2,1,1,3,0,1.0,0,0,Yes,0,0.3333333333333333,0.0
339,Majitha_Road,0,0,0,0,259.8,0.0,Female,1,25,Private salaried job,Work,Shared Autorickshaw,1.0,10,10,6,5,50,1,0,1,1,17000,0.5853430110044486,0,0,No,1,0.1951143370014828,0.0
339,Majitha_Road,1,1,0,0,260.6449321882352,0.0,Female,1,25,Private salaried job,Work,Shared Autorickshaw,1.0,10,10,6,5,50,1,0,1,1,17000,0.5853430110044486,0,0,No,1,0.1951143370014828,0.0
340,18. Spring Dale,0,0,0,0,303.1,0.0,Male,0,35,Labourer,Work,Shared Autorickshaw,1.0,5,10,7,5,0,1,0,0,1,13650,0.7160696167954421,0,0,Yes,1,0.2386898722651473,0.0
340,18. Spring Dale,1,1,0,0,312.45939822700626,0.0,Male,0,35,Labourer,Work,Shared Autorickshaw,1.0,5,10,7,5,0,1,0,0,1,13650,0.7160696167954421,0,0,Yes,1,0.2386898722651473,0.0
341,35. Verka Bypass,0,0,0,0,303.1,0.0,Male,0,36,Self-employed,Work,Shared Autorickshaw,1.0,5,10,7,0,0,1,0,1,1,17914,0.5496761102005776,0,0,Yes,1,0.1832253700668592,0.0
341,35. Verka Bypass,1,1,0,0,304.47407930037804,0.0,Male,0,36,Self-employed,Work,Shared Autorickshaw,1.0,5,10,7,0,0,1,0,1,1,17914,0.5496761102005776,0,0,Yes,1,0.1832253700668592,0.0
342,1. 100 ft road Chowk,0,0,0,0,259.8,0.0,Male,0,37,Labourer,Work,Shared Autorickshaw,1.0,10,10,6,0,0,0,0,1,0,13650,0.7160696167954421,1,0,No,1,0.5720232055984807,0.0
342,1. 100 ft road Chowk,1,1,0,0,269.3888024590908,0.0,Male,0,37,Labourer,Work,Shared Autorickshaw,1.0,10,10,6,0,0,0,0,1,0,13650,0.7160696167954421,1,0,No,1,0.5720232055984807,0.0
343,3. Bus stand,0,0,0,0,259.8,0.0,Male,0,40,Private salaried job,Work,Shared Autorickshaw,1.0,5,10,6,2,0,0,0,0,0,22000,0.3902286740029658,1,0,Yes,1,0.4634095580009886,0.0
343,3. Bus stand,1,1,0,0,267.8088417608509,0.0,Male,0,40,Private salaried job,Work,Shared Autorickshaw,1.0,5,10,6,2,0,0,0,0,0,22000,0.3902286740029658,1,0,Yes,1,0.4634095580009886,0.0
344,Chattarwind_Gate,0,0,1,0,259.8,0.0,Female,1,50,Homemaker,Shopping,Shared Autorickshaw,1.0,10,10,6,5,50,0,0,1,0,0,1.0,1,0,No,0,0.6666666666666666,0.0
344,Chattarwind_Gate,1,1,1,1,129.9,5.0,Female,1,50,Homemaker,Shopping,Shared Autorickshaw,1.0,10,10,6,5,50,0,0,1,0,0,1.0,1,0,No,0,0.6666666666666666,0.6666666666666666
345,28. India Gate,0,0,0,0,259.8,0.0,Male,0,35,Private salaried job,Work,Shared Autorickshaw,1.5,5,10,6,5,100,2,0,1,2,22000,0.3902286740029658,0,0,No,1,0.1300762246676552,0.0
345,28. India Gate,1,1,0,0,267.6262410462955,0.0,Male,0,35,Private salaried job,Work,Shared Autorickshaw,1.5,5,10,6,5,100,2,0,1,2,22000,0.3902286740029658,0,0,No,1,0.1300762246676552,0.0
346,36. Verka Railway Station,0,0,0,0,519.6,0.0,Female,1,19,Student,Education,Shared Autorickshaw,2.0,10,20,6,10,0,2,0,0,2,0,1.0,0,0,No,0,0.3333333333333333,0.0
346,36. Verka Railway Station,1,1,0,0,527.5511483898309,0.0,Female,1,19,Student,Education,Shared Autorickshaw,2.0,10,20,6,10,0,2,0,0,2,0,1.0,0,0,No,0,0.3333333333333333,0.0
347,24. GNDU,0,0,0,0,519.6,0.0,Female,1,19,Student,Education,Shared Autorickshaw,2.0,20,20,6,5,50,2,0,1,2,0,1.0,0,0,No,0,0.3333333333333333,0.0
347,24. GNDU,1,1,0,0,529.0602706281733,0.0,Female,1,19,Student,Education,Shared Autorickshaw,2.0,20,20,6,5,50,2,0,1,2,0,1.0,0,0,No,0,0.3333333333333333,0.0
348,Majitha_Road,0,0,0,0,216.5,0.0,Female,1,22,Private salaried job,Work,Shared Autorickshaw,2.0,20,10,5,10,50,0,0,0,0,17000,0.5853430110044486,1,0,Yes,1,0.5284476703348162,0.0
348,Majitha_Road,1,1,0,0,219.03383353839183,0.0,Female,1,22,Private salaried job,Work,Shared Autorickshaw,2.0,20,10,5,10,50,0,0,0,0,17000,0.5853430110044486,1,0,Yes,1,0.5284476703348162,0.0
349,20. Sultanwind gate,0,0,0,0,259.8,0.0,Female,1,23,Private salaried job,Work,Shared Autorickshaw,2.0,10,10,6,10,100,2,0,0,2,17000,0.5853430110044486,0,0,Yes,1,0.1951143370014828,0.0
349,20. Sultanwind gate,1,1,0,0,265.7007589535831,0.0,Female,1,23,Private salaried job,Work,Shared Autorickshaw,2.0,10,10,6,10,100,2,0,0,2,17000,0.5853430110044486,0,0,Yes,1,0.1951143370014828,0.0
350,12. Majitha Road Bypass,0,0,0,0,259.8,0.0,Male,0,25,Self-employed,Work,Shared Autorickshaw,2.0,15,10,6,2,0,0,0,1,0,17914,0.5496761102005776,1,0,No,1,0.5165587034001925,0.0
350,12. Majitha Road Bypass,1,1,0,0,260.750491975644,0.0,Male,0,25,Self-employed,Work,Shared Autorickshaw,2.0,15,10,6,2,0,0,0,1,0,17914,0.5496761102005776,1,0,No,1,0.5165587034001925,0.0
351,15. Rajasansi,0,0,0,0,173.2,0.0,Male,0,28,Private salaried job,Work,Shared Autorickshaw,2.0,10,10,4,10,50,1,0,0,1,22000,0.3902286740029658,0,0,Yes,1,0.1300762246676552,0.0
351,15. Rajasansi,1,1,0,0,179.3616570002412,0.0,Male,0,28,Private salaried job,Work,Shared Autorickshaw,2.0,10,10,4,10,50,1,0,0,1,22000,0.3902286740029658,0,0,Yes,1,0.1300762246676552,0.0
352,Majitha_Road,0,0,0,0,129.9,0.0,Female,1,30,Homemaker,Work,Shared Autorickshaw,2.0,15,10,3,5,50,2,0,1,2,0,1.0,0,0,No,0,0.3333333333333333,0.0
352,Majitha_Road,1,1,0,0,131.6129130409279,0.0,Female,1,30,Homemaker,Work,Shared Autorickshaw,2.0,15,10,3,5,50,2,0,1,2,0,1.0,0,0,No,0,0.3333333333333333,0.0
353,6. Gumtala Chowk,0,0,0,0,86.6,0.0,Female,1,30,Homemaker,Work,Shared Autorickshaw,2.0,10,10,2,10,150,0,0,0,0,0,1.0,1,0,No,0,0.6666666666666666,0.0
353,6. Gumtala Chowk,1,1,0,0,92.2495061147244,0.0,Female,1,30,Homemaker,Work,Shared Autorickshaw,2.0,10,10,2,10,150,0,0,0,0,0,1.0,1,0,No,0,0.6666666666666666,0.0
354,20. Sultanwind gate,0,0,0,0,1039.2,0.0,Female,1,36,Private salaried job,Work,Shared Autorickshaw,2.0,10,40,6,0,50,0,0,0,0,17000,0.5853430110044486,1,0,No,1,0.5284476703348162,0.0
354,20. Sultanwind gate,1,1,0,0,1044.9243051403384,0.0,Female,1,36,Private salaried job,Work,Shared Autorickshaw,2.0,10,40,6,0,50,0,0,0,0,17000,0.5853430110044486,1,0,No,1,0.5284476703348162,0.0
355,8. Hall Gate,0,0,0,0,129.9,0.0,Female,1,45,Homemaker,Recreational,Shared Autorickshaw,2.0,5,10,3,0,0,0,0,0,0,0,1.0,1,0,Yes,0,0.6666666666666666,0.0
355,8. Hall Gate,1,1,0,0,134.55985152981228,0.0,Female,1,45,Homemaker,Recreational,Shared Autorickshaw,2.0,5,10,3,0,0,0,0,0,0,0,1.0,1,0,Yes,0,0.6666666666666666,0.0
356,25. Golden Gate,0,0,0,0,346.4,0.0,Male,0,55,Self-employed,Work,Shared Autorickshaw,2.5,10,20,4,5,100,2,0,1,2,17914,0.5496761102005776,0,0,Yes,1,0.1832253700668592,0.0
356,25. Golden Gate,1,1,0,0,351.6263177551312,0.0,Male,0,55,Self-employed,Work,Shared Autorickshaw,2.5,10,20,4,5,100,2,0,1,2,17914,0.5496761102005776,0,0,Yes,1,0.1832253700668592,0.0
357,27. Hussainpura Chowk,0,0,1,0,259.8,0.0,Female,1,55,Homemaker,Health,Shared Autorickshaw,2.5,10,20,3,5,100,2,0,1,2,0,1.0,0,0,Yes,0,0.3333333333333333,0.0
357,27. Hussainpura Chowk,1,1,1,1,64.95,5.0,Female,1,55,Homemaker,Health,Shared Autorickshaw,2.5,10,20,3,5,100,2,0,1,2,0,1.0,0,0,Yes,0,0.3333333333333333,0.3333333333333333
358,17. Ratan Singh Chowk,0,0,0,0,346.4,0.0,Female,1,15,Student,Work,Shared Autorickshaw,3.0,30,20,4,0,0,0,0,0,0,0,1.0,1,0,No,0,0.6666666666666666,0.0
358,17. Ratan Singh Chowk,1,1,0,0,354.39244716512064,0.0,Female,1,15,Student,Work,Shared Autorickshaw,3.0,30,20,4,0,0,0,0,0,0,0,1.0,1,0,No,0,0.6666666666666666,0.0
359,15. Rajasansi,0,0,0,0,173.2,0.0,Male,0,18,Student,Education,Shared Autorickshaw,3.0,7,10,4,5,200,0,0,0,0,0,1.0,1,0,Yes,0,0.6666666666666666,0.0
359,15. Rajasansi,1,1,0,0,178.12153215575427,0.0,Male,0,18,Student,Education,Shared Autorickshaw,3.0,7,10,4,5,200,0,0,0,0,0,1.0,1,0,Yes,0,0.6666666666666666,0.0
360,6. Gumtala Chowk,0,0,0,0,779.4,0.0,Female,1,19,Private salaried job,Work,Shared Autorickshaw,3.0,30,30,6,10,50,0,0,0,0,17000,0.5853430110044486,1,0,No,1,0.5284476703348162,0.0
360,6. Gumtala Chowk,1,1,0,0,785.3959344152261,0.0,Female,1,19,Private salaried job,Work,Shared Autorickshaw,3.0,30,30,6,10,50,0,0,0,0,17000,0.5853430110044486,1,0,No,1,0.5284476703348162,0.0
361,3. Bus stand,0,0,0,0,519.6,0.0,Female,1,20,Student,Education,Shared Autorickshaw,3.0,15,20,6,0,0,0,0,0,0,0,1.0,1,0,Yes,0,0.6666666666666666,0.0
361,3. Bus stand,1,1,0,0,528.912362356901,0.0,Female,1,20,Student,Education,Shared Autorickshaw,3.0,15,20,6,0,0,0,0,0,0,0,1.0,1,0,Yes,0,0.6666666666666666,0.0
362,22. 100 feet raod,0,0,0,0,259.8,0.0,Male,0,20,Unemployed,Work,Shared Autorickshaw,3.0,15,20,3,3,300,1,0,0,1,0,1.0,0,0,No,0,0.3333333333333333,0.0
362,22. 100 feet raod,1,1,0,0,260.99733588501124,0.0,Male,0,20,Unemployed,Work,Shared Autorickshaw,3.0,15,20,3,3,300,1,0,0,1,0,1.0,0,0,No,0,0.3333333333333333,0.0
363,10. Kot Man Singh,0,0,0,0,216.5,0.0,Male,0,21,Private salaried job,Work,Shared Autorickshaw,3.0,15,10,5,1,0,1,0,0,1,22000,0.3902286740029658,0,0,Yes,1,0.1300762246676552,0.0
363,10. Kot Man Singh,1,1,0,0,217.6710356590011,0.0,Male,0,21,Private salaried job,Work,Shared Autorickshaw,3.0,15,10,5,1,0,1,0,0,1,22000,0.3902286740029658,0,0,Yes,1,0.1300762246676552,0.0
364,16. Ram Tirath Road,0,0,0,0,259.8,0.0,Female,1,22,Private salaried job,Work,Shared Autorickshaw,3.0,20,20,3,5,100,0,0,0,0,17000,0.5853430110044486,1,0,No,1,0.5284476703348162,0.0
364,16. Ram Tirath Road,1,1,0,0,260.6770901191077,0.0,Female,1,22,Private salaried job,Work,Shared Autorickshaw,3.0,20,20,3,5,100,0,0,0,0,17000,0.5853430110044486,1,0,No,1,0.5284476703348162,0.0
365,16. Ram Tirath Road,0,0,0,0,519.6,0.0,Female,1,23,Private salaried job,Work,Shared Autorickshaw,3.0,20,20,6,5,100,0,0,0,0,17000,0.5853430110044486,1,0,No,1,0.5284476703348162,0.0
365,16. Ram Tirath Road,1,1,0,0,526.1786328504053,0.0,Female,1,23,Private salaried job,Work,Shared Autorickshaw,3.0,20,20,6,5,100,0,0,0,0,17000,0.5853430110044486,1,0,No,1,0.5284476703348162,0.0
366,6. Gumtala Chowk,0,0,0,0,259.8,0.0,Female,1,23,Private salaried job,Work,Shared Autorickshaw,3.0,10,10,6,5,50,1,0,0,1,17000,0.5853430110044486,0,0,No,1,0.1951143370014828,0.0
366,6. Gumtala Chowk,1,1,0,0,263.9860830079038,0.0,Female,1,23,Private salaried job,Work,Shared Autorickshaw,3.0,10,10,6,5,50,1,0,0,1,17000,0.5853430110044486,0,0,No,1,0.1951143370014828,0.0
367,26. Guru Harkrishan School,0,0,0,0,259.8,0.0,Male,0,24,Private salaried job,Work,Shared Autorickshaw,3.0,10,10,6,0,0,1,0,0,1,22000,0.3902286740029658,0,0,Yes,1,0.1300762246676552,0.0
367,26. Guru Harkrishan School,1,1,0,0,267.54321416141846,0.0,Male,0,24,Private salaried job,Work,Shared Autorickshaw,3.0,10,10,6,0,0,1,0,0,1,22000,0.3902286740029658,0,0,Yes,1,0.1300762246676552,0.0
368,23. Celebration Mall,0,0,0,0,433.0,0.0,Male,0,25,Self-employed,Work,Shared Autorickshaw,3.0,10,20,5,5,100,1,1,1,2,17914,0.5496761102005776,0,0,Yes,1,0.1832253700668592,0.0
368,23. Celebration Mall,1,1,0,0,439.7123141330859,0.0,Male,0,25,Self-employed,Work,Shared Autorickshaw,3.0,10,20,5,5,100,1,1,1,2,17914,0.5496761102005776,0,0,Yes,1,0.1832253700668592,0.0
369,5. Ghee Mandi Chowk,0,0,0,0,303.1,0.0,Male,0,26,Labourer,Work,Shared Autorickshaw,3.0,30,10,7,2,200,2,0,0,2,13650,0.7160696167954421,0,0,Yes,1,0.2386898722651473,0.0
369,5. Ghee Mandi Chowk,1,1,0,0,306.4363775832824,0.0,Male,0,26,Labourer,Work,Shared Autorickshaw,3.0,30,10,7,2,200,2,0,0,2,13650,0.7160696167954421,0,0,Yes,1,0.2386898722651473,0.0
370,30. Novelty Chowk,0,0,0,0,519.6,0.0,Male,0,28,Private salaried job,Work,Shared Autorickshaw,3.0,15,20,6,5,0,1,1,0,2,22000,0.3902286740029658,0,0,Yes,1,0.1300762246676552,0.0
370,30. Novelty Chowk,1,1,0,0,528.5836654736154,0.0,Male,0,28,Private salaried job,Work,Shared Autorickshaw,3.0,15,20,6,5,0,1,1,0,2,22000,0.3902286740029658,0,0,Yes,1,0.1300762246676552,0.0
371,Majitha_Road,0,0,0,0,433.0,0.0,Male,0,29,Private salaried job,Work,Shared Autorickshaw,3.0,10,20,5,0,50,1,0,0,1,22000,0.3902286740029658,0,0,Yes,1,0.1300762246676552,0.0
371,Majitha_Road,1,1,0,0,440.6253214707065,0.0,Male,0,29,Private salaried job,Work,Shared Autorickshaw,3.0,10,20,5,0,50,1,0,0,1,22000,0.3902286740029658,0,0,Yes,1,0.1300762246676552,0.0
372,34. Valmiki Chowk,0,0,0,0,519.6,0.0,Female,1,30,Homemaker,Work,Shared Autorickshaw,3.0,25,20,6,5,200,1,0,1,1,0,1.0,0,0,Yes,0,0.3333333333333333,0.0
372,34. Valmiki Chowk,1,1,0,0,522.3053494091018,0.0,Female,1,30,Homemaker,Work,Shared Autorickshaw,3.0,25,20,6,5,200,1,0,1,1,0,1.0,0,0,Yes,0,0.3333333333333333,0.0
373,Majitha_Road,0,0,0,0,519.6,0.0,Female,1,30,Homemaker,Work,Shared Autorickshaw,3.0,15,20,6,5,200,1,0,1,1,0,1.0,0,0,No,0,0.3333333333333333,0.0
373,Majitha_Road,1,1,0,0,523.2419201777205,0.0,Female,1,30,Homemaker,Work,Shared Autorickshaw,3.0,15,20,6,5,200,1,0,1,1,0,1.0,0,0,No,0,0.3333333333333333,0.0
374,30. Novelty Chowk,0,0,0,0,86.6,0.0,Male,0,32,Self-employed,Religious,Shared Autorickshaw,3.0,15,10,2,7,80,2,1,0,3,17914,0.5496761102005776,0,0,Yes,1,0.1832253700668592,0.0
374,30. Novelty Chowk,1,1,0,0,89.74439980204262,0.0,Male,0,32,Self-employed,Religious,Shared Autorickshaw,3.0,15,10,2,7,80,2,1,0,3,17914,0.5496761102005776,0,0,Yes,1,0.1832253700668592,0.0
375,17. Ratan Singh Chowk,0,0,1,0,606.2,0.0,Male,0,35,Self-employed,Work,Shared Autorickshaw,3.0,15,20,7,0,0,0,0,1,0,17914,0.5496761102005776,1,0,No,1,0.5165587034001925,0.0
375,17. Ratan Singh Chowk,1,1,1,1,151.55,5.0,Male,0,35,Self-employed,Work,Shared Autorickshaw,3.0,15,20,7,0,0,0,0,1,0,17914,0.5496761102005776,1,0,No,1,0.5165587034001925,0.5165587034001925
376,7. Guru Ram Das Charitable Hospital,0,0,0,0,216.5,0.0,Male,0,40,Self-employed,Work,Shared Autorickshaw,3.0,15,10,5,0,0,0,0,0,0,17914,0.5496761102005776,1,0,No,1,0.5165587034001925,0.0
376,7. Guru Ram Das Charitable Hospital,1,1,0,0,217.9778337254219,0.0,Male,0,40,Self-employed,Work,Shared Autorickshaw,3.0,15,10,5,0,0,0,0,0,0,17914,0.5496761102005776,1,0,No,1,0.5165587034001925,0.0
377,1. 100 ft road Chowk,0,0,1,0,519.6,0.0,Male,0,51,Self-employed,Work,Shared Autorickshaw,3.0,45,20,6,0,0,0,0,0,0,17914,0.5496761102005776,1,0,No,1,0.5165587034001925,0.0
377,1. 100 ft road Chowk,1,1,1,1,129.9,5.0,Male,0,51,Self-employed,Work,Shared Autorickshaw,3.0,45,20,6,0,0,0,0,0,0,17914,0.5496761102005776,1,0,No,1,0.5165587034001925,0.5165587034001925
378,10. Kot Man Singh,0,0,0,0,86.6,0.0,Male,0,54,Self-employed,Work,Shared Autorickshaw,3.0,5,10,2,2,200,2,0,0,2,17914,0.5496761102005776,0,0,Yes,1,0.1832253700668592,0.0
378,10. Kot Man Singh,1,1,0,0,90.97904037198752,0.0,Male,0,54,Self-employed,Work,Shared Autorickshaw,3.0,5,10,2,2,200,2,0,0,2,17914,0.5496761102005776,0,0,Yes,1,0.1832253700668592,0.0
379,14. Municipal Corporation,0,0,0,0,173.2,0.0,Male,0,56,Self-employed,Work,Shared Autorickshaw,3.0,10,20,2,20,0,1,0,1,1,17914,0.5496761102005776,0,0,No,1,0.1832253700668592,0.0
379,14. Municipal Corporation,1,1,0,0,177.03319822777408,0.0,Male,0,56,Self-employed,Work,Shared Autorickshaw,3.0,10,20,2,20,0,1,0,1,1,17914,0.5496761102005776,0,0,No,1,0.1832253700668592,0.0
380,26. Guru Harkrishan School,0,0,0,0,519.6,0.0,Male,0,57,Self-employed,Work,Shared Autorickshaw,3.0,10,20,6,0,0,0,0,0,0,17914,0.5496761102005776,1,0,No,1,0.5165587034001925,0.0
380,26. Guru Harkrishan School,1,1,0,0,526.8968570867738,0.0,Male,0,57,Self-employed,Work,Shared Autorickshaw,3.0,10,20,6,0,0,0,0,0,0,17914,0.5496761102005776,1,0,No,1,0.5165587034001925,0.0
381,22. 100 feet raod,0,0,0,0,303.1,0.0,Male,0,58,Self-employed,Work,Shared Autorickshaw,3.0,10,10,7,2,0,0,0,0,0,17914,0.5496761102005776,1,0,Yes,1,0.5165587034001925,0.0
381,22. 100 feet raod,1,1,0,0,308.629930652529,0.0,Male,0,58,Self-employed,Work,Shared Autorickshaw,3.0,10,10,7,2,0,0,0,0,0,17914,0.5496761102005776,1,0,Yes,1,0.5165587034001925,0.0
382,Chattarwind_Gate,0,0,0,0,86.6,0.0,Female,1,60,Homemaker,Work,Shared Autorickshaw,3.0,15,10,2,5,200,1,0,0,1,0,1.0,0,1,No,0,0.6666666666666666,0.0
382,Chattarwind_Gate,1,1,0,0,95.96139986838462,0.0,Female,1,60,Homemaker,Work,Shared Autorickshaw,3.0,15,10,2,5,200,1,0,0,1,0,1.0,0,1,No,0,0.6666666666666666,0.0
383,32. Railway Station,0,0,0,0,259.8,0.0,Male,0,72,Self-employed,Work,Shared Autorickshaw,3.0,10,10,6,0,0,1,0,0,1,17914,0.5496761102005776,0,1,Yes,1,0.5165587034001925,0.0
383,32. Railway Station,1,1,0,0,267.60301493909395,0.0,Male,0,72,Self-employed,Work,Shared Autorickshaw,3.0,10,10,6,0,0,1,0,0,1,17914,0.5496761102005776,0,1,Yes,1,0.5165587034001925,0.0
384,24. GNDU,0,0,0,0,433.0,0.0,Female,1,18,Student,Education,Shared Autorickshaw,4.0,20,20,5,0,100,1,0,1,1,0,1.0,0,0,No,0,0.3333333333333333,0.0
384,24. GNDU,1,1,0,0,437.7936956412454,0.0,Female,1,18,Student,Education,Shared Autorickshaw,4.0,20,20,5,0,100,1,0,1,1,0,1.0,0,0,No,0,0.3333333333333333,0.0
385,13. Mudhal Bypass,0,0,0,0,259.8,0.0,Female,1,20,Homemaker,Health,Shared Autorickshaw,4.0,5,20,3,5,100,0,0,1,0,0,1.0,1,0,No,0,0.6666666666666666,0.0
385,13. Mudhal Bypass,1,1,0,0,263.56359473480825,0.0,Female,1,20,Homemaker,Health,Shared Autorickshaw,4.0,5,20,3,5,100,0,0,1,0,0,1.0,1,0,No,0,0.6666666666666666,0.0
386,25. Golden Gate,0,0,1,0,346.4,0.0,Female,1,20,Homemaker,Health,Shared Autorickshaw,4.0,30,20,4,5,100,0,0,0,0,0,1.0,1,0,No,0,0.6666666666666666,0.0
386,25. Golden Gate,1,1,1,1,173.2,10.0,Female,1,20,Homemaker,Health,Shared Autorickshaw,4.0,30,20,4,5,100,0,0,0,0,0,1.0,1,0,No,0,0.6666666666666666,0.6666666666666666
387,32. Railway Station,0,0,0,0,519.6,0.0,Female,1,22,Student,Education,Shared Autorickshaw,4.0,20,20,6,5,150,2,0,1,2,0,1.0,0,0,Yes,0,0.3333333333333333,0.0
387,32. Railway Station,1,1,0,0,526.7776023600364,0.0,Female,1,22,Student,Education,Shared Autorickshaw,4.0,20,20,6,5,150,2,0,1,2,0,1.0,0,0,Yes,0,0.3333333333333333,0.0
388,27. Hussainpura Chowk,0,0,0,0,519.6,0.0,Female,1,26,Private salaried job,Work,Shared Autorickshaw,4.0,20,20,6,5,100,1,0,0,1,17000,0.5853430110044486,0,0,Yes,1,0.1951143370014828,0.0
388,27. Hussainpura Chowk,1,1,0,0,529.1119466000384,0.0,Female,1,26,Private salaried job,Work,Shared Autorickshaw,4.0,20,20,6,5,100,1,0,0,1,17000,0.5853430110044486,0,0,Yes,1,0.1951143370014828,0.0
389,30. Novelty Chowk,0,0,0,0,519.6,0.0,Male,0,27,Private salaried job,Work,Shared Autorickshaw,4.0,20,20,6,0,0,1,0,0,1,22000,0.3902286740029658,0,0,No,1,0.1300762246676552,0.0
389,30. Novelty Chowk,1,1,0,0,520.7847857721704,0.0,Male,0,27,Private salaried job,Work,Shared Autorickshaw,4.0,20,20,6,0,0,1,0,0,1,22000,0.3902286740029658,0,0,No,1,0.1300762246676552,0.0
390,5. Ghee Mandi Chowk,0,0,1,0,606.2,0.0,Male,0,28,Labourer,Work,Shared Autorickshaw,4.0,20,20,7,2,100,0,0,0,0,13650,0.7160696167954421,1,0,No,1,0.5720232055984807,0.0
390,5. Ghee Mandi Chowk,1,1,1,1,303.1,10.0,Male,0,28,Labourer,Work,Shared Autorickshaw,4.0,20,20,7,2,100,0,0,0,0,13650,0.7160696167954421,1,0,No,1,0.5720232055984807,0.5720232055984807
391,3. Bus stand,0,0,0,0,606.2,0.0,Male,0,30,Government salaried job,Work,Shared Autorickshaw,4.0,10,20,7,0,0,1,1,1,2,32000,0.0,0,0,No,1,0.0,0.0
391,3. Bus stand,1,1,0,0,612.5707388399121,0.0,Male,0,30,Government salaried job,Work,Shared Autorickshaw,4.0,10,20,7,0,0,1,1,1,2,32000,0.0,0,0,No,1,0.0,0.0
392,19. Sultanwind,0,0,0,0,606.2,0.0,Female,1,35,Private salaried job,Work,Shared Autorickshaw,4.0,60,20,7,10,0,1,0,0,1,17000,0.5853430110044486,0,0,No,1,0.1951143370014828,0.0
392,19. Sultanwind,1,1,0,0,607.4192167833512,0.0,Female,1,35,Private salaried job,Work,Shared Autorickshaw,4.0,60,20,7,10,0,1,0,0,1,17000,0.5853430110044486,0,0,No,1,0.1951143370014828,0.0
393,27. Hussainpura Chowk,0,0,0,0,173.2,0.0,Female,1,35,Homemaker,Health,Shared Autorickshaw,4.0,30,20,2,0,50,1,0,1,1,0,1.0,0,0,Yes,0,0.3333333333333333,0.0
393,27. Hussainpura Chowk,1,1,0,0,179.0825799996922,0.0,Female,1,35,Homemaker,Health,Shared Autorickshaw,4.0,30,20,2,0,50,1,0,1,1,0,1.0,0,0,Yes,0,0.3333333333333333,0.0
394,31. Queens Road,0,0,1,0,346.4,0.0,Male,0,35,Self-employed,Work,Shared Autorickshaw,4.0,20,20,4,5,100,2,1,1,3,17914,0.5496761102005776,0,0,No,1,0.1832253700668592,0.0
394,31. Queens Road,1,1,1,1,173.2,10.0,Male,0,35,Self-employed,Work,Shared Autorickshaw,4.0,20,20,4,5,100,2,1,1,3,17914,0.5496761102005776,0,0,No,1,0.1832253700668592,0.1832253700668592
395,19. Sultanwind,0,0,0,0,129.9,0.0,Female,1,42,Homemaker,Work,Shared Autorickshaw,4.0,15,10,3,0,0,1,0,0,1,0,1.0,0,0,Yes,0,0.3333333333333333,0.0
395,19. Sultanwind,1,1,0,0,130.02302685888603,0.0,Female,1,42,Homemaker,Work,Shared Autorickshaw,4.0,15,10,3,0,0,1,0,0,1,0,1.0,0,0,Yes,0,0.3333333333333333,0.0
396,5. Ghee Mandi Chowk,0,0,0,0,303.1,0.0,Male,0,45,Labourer,Work,Shared Autorickshaw,4.0,15,10,7,2,200,0,0,0,0,13650,0.7160696167954421,1,0,No,1,0.5720232055984807,0.0
396,5. Ghee Mandi Chowk,1,1,0,0,307.6431796184175,0.0,Male,0,45,Labourer,Work,Shared Autorickshaw,4.0,15,10,7,2,200,0,0,0,0,13650,0.7160696167954421,1,0,No,1,0.5720232055984807,0.0
397,31. Queens Road,0,0,0,0,259.8,0.0,Female,1,50,Homemaker,Religious,Shared Autorickshaw,4.0,20,20,3,5,200,3,1,2,4,0,1.0,0,0,Yes,0,0.3333333333333333,0.0
397,31. Queens Road,1,1,0,0,268.0539951119632,0.0,Female,1,50,Homemaker,Religious,Shared Autorickshaw,4.0,20,20,3,5,200,3,1,2,4,0,1.0,0,0,Yes,0,0.3333333333333333,0.0
398,1. 100 ft road Chowk,0,0,0,0,519.6,0.0,Male,0,54,Self-employed,Work,Shared Autorickshaw,4.0,15,20,6,5,0,0,0,0,0,17914,0.5496761102005776,1,0,Yes,1,0.5165587034001925,0.0
398,1. 100 ft road Chowk,1,1,0,0,522.5535902534409,0.0,Male,0,54,Self-employed,Work,Shared Autorickshaw,4.0,15,20,6,5,0,0,0,0,0,17914,0.5496761102005776,1,0,Yes,1,0.5165587034001925,0.0
399,34. Valmiki Chowk,0,0,0,0,129.9,0.0,Female,1,65,Homemaker,Religious,Shared Autorickshaw,4.0,25,15,2,10,100,0,0,1,0,0,1.0,1,1,Yes,0,1.0,0.0
399,34. Valmiki Chowk,1,1,0,0,134.48548081798552,0.0,Female,1,65,Homemaker,Religious,Shared Autorickshaw,4.0,25,15,2,10,100,0,0,1,0,0,1.0,1,1,Yes,0,1.0,0.0
400,7. Guru Ram Das Charitable Hospital,0,0,0,0,519.6,0.0,Male,0,76,Private salaried job,Work,Shared Autorickshaw,4.0,15,20,6,0,0,0,0,1,0,22000,0.3902286740029658,1,1,No,1,0.796742891334322,0.0
400,7. Guru Ram Das Charitable Hospital,1,1,0,0,524.0231412706789,0.0,Male,0,76,Private salaried job,Work,Shared Autorickshaw,4.0,15,20,6,0,0,0,0,1,0,22000,0.3902286740029658,1,1,No,1,0.796742891334322,0.0
401,17. Ratan Singh Chowk,0,0,0,0,519.6,0.0,Male,0,44,Self-employed,Work,Shared Autorickshaw,4.5,20,20,6,0,0,1,0,0,1,17914,0.5496761102005776,0,0,No,1,0.1832253700668592,0.0
401,17. Ratan Singh Chowk,1,1,0,0,522.619273914425,0.0,Male,0,44,Self-employed,Work,Shared Autorickshaw,4.5,20,20,6,0,0,1,0,0,1,17914,0.5496761102005776,0,0,No,1,0.1832253700668592,0.0
402,Chattarwind_Gate,0,0,0,0,259.8,0.0,Female,1,15,Student,Education,Shared Autorickshaw,5.0,15,10,6,0,200,1,0,0,1,0,1.0,0,0,No,0,0.3333333333333333,0.0
402,Chattarwind_Gate,1,1,0,0,268.98441895515555,0.0,Female,1,15,Student,Education,Shared Autorickshaw,5.0,15,10,6,0,200,1,0,0,1,0,1.0,0,0,No,0,0.3333333333333333,0.0
403,Chattarwind_Gate,0,0,0,0,259.8,0.0,Female,1,17,Student,Education,Shared Autorickshaw,5.0,15,10,6,2,200,1,0,0,1,0,1.0,0,0,No,0,0.3333333333333333,0.0
403,Chattarwind_Gate,1,1,0,0,267.6129403543152,0.0,Female,1,17,Student,Education,Shared Autorickshaw,5.0,15,10,6,2,200,1,0,0,1,0,1.0,0,0,No,0,0.3333333333333333,0.0
404,32. Railway Station,0,0,0,0,173.2,0.0,Female,1,18,Student,Education,Shared Autorickshaw,5.0,20,20,2,5,100,2,1,1,3,0,1.0,0,0,No,0,0.3333333333333333,0.0
404,32. Railway Station,1,1,0,0,174.30588410996108,0.0,Female,1,18,Student,Education,Shared Autorickshaw,5.0,20,20,2,5,100,2,1,1,3,0,1.0,0,0,No,0,0.3333333333333333,0.0
405,3. Bus stand,0,0,0,0,173.2,0.0,Female,1,24,Student,Education,Shared Autorickshaw,5.0,25,20,2,0,100,2,1,1,3,0,1.0,0,0,Yes,0,0.3333333333333333,0.0
405,3. Bus stand,1,1,0,0,183.17034657837573,0.0,Female,1,24,Student,Education,Shared Autorickshaw,5.0,25,20,2,0,100,2,1,1,3,0,1.0,0,0,Yes,0,0.3333333333333333,0.0
406,17. Ratan Singh Chowk,0,0,0,0,519.6,0.0,Female,1,38,Private salaried job,Work,Shared Autorickshaw,5.0,60,20,6,15,300,0,0,0,0,17000,0.5853430110044486,1,0,Yes,1,0.5284476703348162,0.0
406,17. Ratan Singh Chowk,1,1,0,0,528.3920002430775,0.0,Female,1,38,Private salaried job,Work,Shared Autorickshaw,5.0,60,20,6,15,300,0,0,0,0,17000,0.5853430110044486,1,0,Yes,1,0.5284476703348162,0.0
407,29. Kachehri Chowk,0,0,0,0,779.4,0.0,Female,1,40,Self-employed,Work,Shared Autorickshaw,5.0,15,30,6,0,0,0,0,1,0,6374,1.0,1,0,No,1,0.6666666666666666,0.0
407,29. Kachehri Chowk,1,1,0,0,782.2390843786403,0.0,Female,1,40,Self-employed,Work,Shared Autorickshaw,5.0,15,30,6,0,0,0,0,1,0,6374,1.0,1,0,No,1,0.6666666666666666,0.0
408,17. Ratan Singh Chowk,0,0,0,0,259.8,0.0,Female,1,40,Homemaker,Work,Shared Autorickshaw,5.0,20,10,6,0,0,0,0,1,0,0,1.0,1,0,No,0,0.6666666666666666,0.0
408,17. Ratan Singh Chowk,1,1,0,0,268.16896579660937,0.0,Female,1,40,Homemaker,Work,Shared Autorickshaw,5.0,20,10,6,0,0,0,0,1,0,0,1.0,1,0,No,0,0.6666666666666666,0.0
409,14. Municipal Corporation,0,0,0,0,519.6,0.0,Male,0,43,Self-employed,Religious,Shared Autorickshaw,5.0,20,40,3,4,100,2,1,1,3,17914,0.5496761102005776,0,0,Yes,1,0.1832253700668592,0.0
409,14. Municipal Corporation,1,1,0,0,520.6641953187138,0.0,Male,0,43,Self-employed,Religious,Shared Autorickshaw,5.0,20,40,3,4,100,2,1,1,3,17914,0.5496761102005776,0,0,Yes,1,0.1832253700668592,0.0
410,29. Kachehri Chowk,0,0,1,0,606.2,0.0,Male,0,50,Private salaried job,Work,Shared Autorickshaw,5.0,15,20,7,0,0,0,0,0,0,22000,0.3902286740029658,1,0,No,1,0.4634095580009886,0.0
410,29. Kachehri Chowk,1,1,1,1,303.1,10.0,Male,0,50,Private salaried job,Work,Shared Autorickshaw,5.0,15,20,7,0,0,0,0,0,0,22000,0.3902286740029658,1,0,No,1,0.4634095580009886,0.4634095580009886
411,23. Celebration Mall,0,0,0,0,433.0,0.0,Male,0,50,Self-employed,Shopping,Shared Autorickshaw,5.0,15,20,5,5,100,2,1,1,3,17914,0.5496761102005776,0,0,Yes,1,0.1832253700668592,0.0
411,23. Celebration Mall,1,1,0,0,439.6568473610654,0.0,Male,0,50,Self-employed,Shopping,Shared Autorickshaw,5.0,15,20,5,5,100,2,1,1,3,17914,0.5496761102005776,0,0,Yes,1,0.1832253700668592,0.0
412,7. Guru Ram Das Charitable Hospital,0,0,0,0,259.8,0.0,Male,0,50,Private salaried job,Work,Shared Autorickshaw,5.0,15,10,6,0,0,1,0,0,1,22000,0.3902286740029658,0,0,No,1,0.1300762246676552,0.0
412,7. Guru Ram Das Charitable Hospital,1,1,0,0,266.301250155588,0.0,Male,0,50,Private salaried job,Work,Shared Autorickshaw,5.0,15,10,6,0,0,1,0,0,1,22000,0.3902286740029658,0,0,No,1,0.1300762246676552,0.0
413,8. Hall Gate,0,0,0,0,519.6,0.0,Male,0,55,Self-employed,Work,Shared Autorickshaw,5.0,20,20,6,4,500,1,1,0,2,17914,0.5496761102005776,0,0,Yes,1,0.1832253700668592,0.0
413,8. Hall Gate,1,1,0,0,520.5044072698413,0.0,Male,0,55,Self-employed,Work,Shared Autorickshaw,5.0,20,20,6,4,500,1,1,0,2,17914,0.5496761102005776,0,0,Yes,1,0.1832253700668592,0.0
414,31. Queens Road,0,0,1,0,259.8,0.0,Female,1,55,Homemaker,Shopping,Shared Autorickshaw,5.0,25,20,3,5,100,2,1,2,3,0,1.0,0,0,Yes,0,0.3333333333333333,0.0
414,31. Queens Road,1,1,1,1,129.9,10.0,Female,1,55,Homemaker,Shopping,Shared Autorickshaw,5.0,25,20,3,5,100,2,1,2,3,0,1.0,0,0,Yes,0,0.3333333333333333,0.3333333333333333
415,17. Ratan Singh Chowk,0,0,1,0,606.2,0.0,Male,0,70,Self-employed,Work,Shared Autorickshaw,5.0,30,20,7,0,0,0,0,0,0,17914,0.5496761102005776,1,1,No,1,0.8498920367335258,0.0
415,17. Ratan Singh Chowk,1,1,1,1,303.1,10.0,Male,0,70,Self-employed,Work,Shared Autorickshaw,5.0,30,20,7,0,0,0,0,0,0,17914,0.5496761102005776,1,1,No,1,0.8498920367335258,0.8498920367335258
416,3. Bus stand,0,0,0,0,259.8,0.0,Female,1,18,Homemaker,Work,Shared Autorickshaw,6.0,30,20,3,10,150,0,0,0,0,0,1.0,1,0,No,0,0.6666666666666666,0.0
416,3. Bus stand,1,1,0,0,262.2082805804115,0.0,Female,1,18,Homemaker,Work,Shared Autorickshaw,6.0,30,20,3,10,150,0,0,0,0,0,1.0,1,0,No,0,0.6666666666666666,0.0
417,3. Bus stand,0,0,0,0,433.0,0.0,Female,1,20,Student,Education,Shared Autorickshaw,6.0,10,20,5,5,100,0,0,0,0,0,1.0,1,0,Yes,0,0.6666666666666666,0.0
417,3. Bus stand,1,1,0,0,434.4302187516664,0.0,Female,1,20,Student,Education,Shared Autorickshaw,6.0,10,20,5,5,100,0,0,0,0,0,1.0,1,0,Yes,0,0.6666666666666666,0.0
418,Majitha_Road,0,0,0,0,1082.5,0.0,Female,1,25,Private salaried job,Work,Shared Autorickshaw,6.0,20,50,5,5,50,1,0,0,1,17000,0.5853430110044486,0,0,No,1,0.1951143370014828,0.0
418,Majitha_Road,1,1,0,0,1090.2676794069223,0.0,Female,1,25,Private salaried job,Work,Shared Autorickshaw,6.0,20,50,5,5,50,1,0,0,1,17000,0.5853430110044486,0,0,No,1,0.1951143370014828,0.0
419,12. Majitha Road Bypass,0,0,0,0,519.6,0.0,Male,0,32,Private salaried job,Work,Shared Autorickshaw,6.0,20,20,6,0,0,1,0,0,1,22000,0.3902286740029658,0,0,Yes,1,0.1300762246676552,0.0
419,12. Majitha Road Bypass,1,1,0,0,521.582042272129,0.0,Male,0,32,Private salaried job,Work,Shared Autorickshaw,6.0,20,20,6,0,0,1,0,0,1,22000,0.3902286740029658,0,0,Yes,1,0.1300762246676552,0.0
420,30. Novelty Chowk,0,0,0,0,519.6,0.0,Male,0,32,Private salaried job,Work,Shared Autorickshaw,6.0,10,20,6,0,0,1,0,0,1,22000,0.3902286740029658,0,0,Yes,1,0.1300762246676552,0.0
420,30. Novelty Chowk,1,1,0,0,528.7063822713088,0.0,Male,0,32,Private salaried job,Work,Shared Autorickshaw,6.0,10,20,6,0,0,1,0,0,1,22000,0.3902286740029658,0,0,Yes,1,0.1300762246676552,0.0
421,15. Rajasansi,0,0,0,0,606.2,0.0,Female,1,33,Homemaker,Work,Shared Autorickshaw,6.0,15,20,7,5,100,1,0,1,1,0,1.0,0,0,No,0,0.3333333333333333,0.0
421,15. Rajasansi,1,1,0,0,612.762690393275,0.0,Female,1,33,Homemaker,Work,Shared Autorickshaw,6.0,15,20,7,5,100,1,0,1,1,0,1.0,0,0,No,0,0.3333333333333333,0.0
422,18. Spring Dale,0,0,0,0,129.9,0.0,Male,0,35,Private salaried job,Work,Shared Autorickshaw,6.0,15,30,1,2,300,0,1,0,1,22000,0.3902286740029658,0,0,No,1,0.1300762246676552,0.0
422,18. Spring Dale,1,1,0,0,130.26162710494697,0.0,Male,0,35,Private salaried job,Work,Shared Autorickshaw,6.0,15,30,1,2,300,0,1,0,1,22000,0.3902286740029658,0,0,No,1,0.1300762246676552,0.0
423,36. Verka Railway Station,0,0,0,0,303.1,0.0,Male,0,38,Self-employed,Work,Shared Autorickshaw,6.0,20,10,7,0,0,0,0,0,0,17914,0.5496761102005776,1,0,Yes,1,0.5165587034001925,0.0
423,36. Verka Railway Station,1,1,0,0,303.154298341287,0.0,Male,0,38,Self-employed,Work,Shared Autorickshaw,6.0,20,10,7,0,0,0,0,0,0,17914,0.5496761102005776,1,0,Yes,1,0.5165587034001925,0.0
424,3. Bus stand,0,0,0,0,519.6,0.0,Male,0,40,Private salaried job,Work,Shared Autorickshaw,6.0,20,20,6,5,100,1,0,2,1,22000,0.3902286740029658,0,0,Yes,1,0.1300762246676552,0.0
424,3. Bus stand,1,1,0,0,520.1165791701441,0.0,Male,0,40,Private salaried job,Work,Shared Autorickshaw,6.0,20,20,6,5,100,1,0,2,1,22000,0.3902286740029658,0,0,Yes,1,0.1300762246676552,0.0
425,29. Kachehri Chowk,0,0,0,0,519.6,0.0,Male,0,47,Self-employed,Work,Shared Autorickshaw,6.0,25,20,6,10,0,0,0,1,0,17914,0.5496761102005776,1,0,No,1,0.5165587034001925,0.0
425,29. Kachehri Chowk,1,1,0,0,525.6592517764773,0.0,Male,0,47,Self-employed,Work,Shared Autorickshaw,6.0,25,20,6,10,0,0,0,1,0,17914,0.5496761102005776,1,0,No,1,0.5165587034001925,0.0
426,29. Kachehri Chowk,0,0,0,0,606.2,0.0,Male,0,48,Self-employed,Work,Shared Autorickshaw,6.0,30,20,7,0,0,0,0,1,0,17914,0.5496761102005776,1,0,No,1,0.5165587034001925,0.0
426,29. Kachehri Chowk,1,1,0,0,614.2148181085942,0.0,Male,0,48,Self-employed,Work,Shared Autorickshaw,6.0,30,20,7,0,0,0,0,1,0,17914,0.5496761102005776,1,0,No,1,0.5165587034001925,0.0
427,32. Railway Station,0,0,0,0,519.6,0.0,Male,0,50,Private salaried job,Work,Shared Autorickshaw,6.0,20,20,6,0,0,1,0,0,1,22000,0.3902286740029658,0,0,Yes,1,0.1300762246676552,0.0
427,32. Railway Station,1,1,0,0,521.9855282062739,0.0,Male,0,50,Private salaried job,Work,Shared Autorickshaw,6.0,20,20,6,0,0,1,0,0,1,22000,0.3902286740029658,0,0,Yes,1,0.1300762246676552,0.0
428,36. Verka Railway Station,0,0,0,0,433.0,0.0,Female,1,50,Self-employed,Work,Shared Autorickshaw,6.0,25,20,5,2,100,0,0,0,0,6374,1.0,1,0,Yes,1,0.6666666666666666,0.0
428,36. Verka Railway Station,1,1,0,0,441.4940884292307,0.0,Female,1,50,Self-employed,Work,Shared Autorickshaw,6.0,25,20,5,2,100,0,0,0,0,6374,1.0,1,0,Yes,1,0.6666666666666666,0.0
429,25. Golden Gate,0,0,0,0,519.6,0.0,Female,1,21,Student,Education,Shared Autorickshaw,7.0,40,20,6,15,150,2,0,0,2,0,1.0,0,0,Yes,0,0.3333333333333333,0.0
429,25. Golden Gate,1,1,0,0,520.1723194015326,0.0,Female,1,21,Student,Education,Shared Autorickshaw,7.0,40,20,6,15,150,2,0,0,2,0,1.0,0,0,Yes,0,0.3333333333333333,0.0
430,3. Bus stand,0,0,0,0,259.8,0.0,Female,1,23,Homemaker,Health,Shared Autorickshaw,7.0,60,20,3,10,150,0,0,0,0,0,1.0,1,0,No,0,0.6666666666666666,0.0
430,3. Bus stand,1,1,0,0,267.8096385364168,0.0,Female,1,23,Homemaker,Health,Shared Autorickshaw,7.0,60,20,3,10,150,0,0,0,0,0,1.0,1,0,No,0,0.6666666666666666,0.0
431,22. 100 feet raod,0,0,0,0,909.3,0.0,Male,0,30,Labourer,Work,Shared Autorickshaw,7.0,30,30,7,10,200,1,1,0,2,13650,0.7160696167954421,0,0,Yes,1,0.2386898722651473,0.0
431,22. 100 feet raod,1,1,0,0,918.5779543017228,0.0,Male,0,30,Labourer,Work,Shared Autorickshaw,7.0,30,30,7,10,200,1,1,0,2,13650,0.7160696167954421,0,0,Yes,1,0.2386898722651473,0.0
432,1. 100 ft road Chowk,0,0,0,0,1299.0,0.0,Male,0,35,Self-employed,Work,Shared Autorickshaw,7.0,20,50,6,0,0,1,0,0,1,17914,0.5496761102005776,0,0,No,1,0.1832253700668592,0.0
432,1. 100 ft road Chowk,1,1,0,0,1306.7210839910438,0.0,Male,0,35,Self-employed,Work,Shared Autorickshaw,7.0,20,50,6,0,0,1,0,0,1,17914,0.5496761102005776,0,0,No,1,0.1832253700668592,0.0
433,26. Guru Harkrishan School,0,0,0,0,519.6,0.0,Male,0,37,Self-employed,Work,Shared Autorickshaw,7.0,45,20,6,0,0,1,0,0,1,17914,0.5496761102005776,0,0,Yes,1,0.1832253700668592,0.0
433,26. Guru Harkrishan School,1,1,0,0,526.5812078397864,0.0,Male,0,37,Self-employed,Work,Shared Autorickshaw,7.0,45,20,6,0,0,1,0,0,1,17914,0.5496761102005776,0,0,Yes,1,0.1832253700668592,0.0
434,12. Majitha Road Bypass,0,0,1,0,606.2,0.0,Male,0,44,Private salaried job,Work,Shared Autorickshaw,7.0,30,20,7,0,0,0,0,0,0,22000,0.3902286740029658,1,0,No,1,0.4634095580009886,0.0
434,12. Majitha Road Bypass,1,1,1,1,454.65,15.0,Male,0,44,Private salaried job,Work,Shared Autorickshaw,7.0,30,20,7,0,0,0,0,0,0,22000,0.3902286740029658,1,0,No,1,0.4634095580009886,0.4634095580009886
435,36. Verka Railway Station,0,0,0,0,173.2,0.0,Female,1,57,Self-employed,Work,Shared Autorickshaw,7.0,25,20,2,7,100,1,1,0,2,6374,1.0,0,0,Yes,1,0.3333333333333333,0.0
435,36. Verka Railway Station,1,1,0,0,173.60151299547064,0.0,Female,1,57,Self-employed,Work,Shared Autorickshaw,7.0,25,20,2,7,100,1,1,0,2,6374,1.0,0,0,Yes,1,0.3333333333333333,0.0
436,21. Vallah Bypass,0,0,0,0,519.6,0.0,Female,1,20,Student,Education,Shared Autorickshaw,8.0,20,20,6,2,0,1,0,0,1,0,1.0,0,0,No,0,0.3333333333333333,0.0
436,21. Vallah Bypass,1,1,0,0,521.6178211071906,0.0,Female,1,20,Student,Education,Shared Autorickshaw,8.0,20,20,6,2,0,1,0,0,1,0,1.0,0,0,No,0,0.3333333333333333,0.0
437,32. Railway Station,0,0,1,0,346.4,0.0,Female,1,27,Homemaker,Health,Shared Autorickshaw,8.0,25,20,4,10,100,2,0,1,2,0,1.0,0,0,Yes,0,0.3333333333333333,0.0
437,32. Railway Station,1,1,1,1,259.8,15.0,Female,1,27,Homemaker,Health,Shared Autorickshaw,8.0,25,20,4,10,100,2,0,1,2,0,1.0,0,0,Yes,0,0.3333333333333333,0.3333333333333333
438,7. Guru Ram Das Charitable Hospital,0,0,0,0,259.8,0.0,Male,0,30,Self-employed,Work,Shared Autorickshaw,8.0,30,20,3,5,0,1,0,0,1,17914,0.5496761102005776,0,0,Yes,1,0.1832253700668592,0.0
438,7. Guru Ram Das Charitable Hospital,1,1,0,0,264.84530990192985,0.0,Male,0,30,Self-employed,Work,Shared Autorickshaw,8.0,30,20,3,5,0,1,0,0,1,17914,0.5496761102005776,0,0,Yes,1,0.1832253700668592,0.0
439,20. Sultanwind gate,0,0,1,0,519.6,0.0,Male,0,40,Self-employed,Shopping,Shared Autorickshaw,8.0,30,40,3,5,100,2,1,1,3,17914,0.5496761102005776,0,0,No,1,0.1832253700668592,0.0
439,20. Sultanwind gate,1,1,1,1,194.85,15.0,Male,0,40,Self-employed,Shopping,Shared Autorickshaw,8.0,30,40,3,5,100,2,1,1,3,17914,0.5496761102005776,0,0,No,1,0.1832253700668592,0.1832253700668592
440,13. Mudhal Bypass,0,0,0,0,519.6,0.0,Female,1,30,Homemaker,Work,Shared Autorickshaw,9.0,30,20,6,5,150,0,0,0,0,0,1.0,1,0,No,0,0.6666666666666666,0.0
440,13. Mudhal Bypass,1,1,0,0,525.9001184457641,0.0,Female,1,30,Homemaker,Work,Shared Autorickshaw,9.0,30,20,6,5,150,0,0,0,0,0,1.0,1,0,No,0,0.6666666666666666,0.0
441,5. Ghee Mandi Chowk,0,0,0,0,433.0,0.0,Male,0,33,Self-employed,Work,Shared Autorickshaw,9.0,20,20,5,25,900,0,0,0,0,17914,0.5496761102005776,1,0,No,1,0.5165587034001925,0.0
441,5. Ghee Mandi Chowk,1,1,0,0,441.5113109976194,0.0,Male,0,33,Self-employed,Work,Shared Autorickshaw,9.0,20,20,5,25,900,0,0,0,0,17914,0.5496761102005776,1,0,No,1,0.5165587034001925,0.0
442,33. Tara Wala pul,0,0,0,0,173.2,0.0,Male,0,48,Labourer,Work,Shared Autorickshaw,9.0,20,20,2,5,0,0,0,0,0,13650,0.7160696167954421,1,0,No,1,0.5720232055984807,0.0
442,33. Tara Wala pul,1,1,0,0,174.7521299244109,0.0,Male,0,48,Labourer,Work,Shared Autorickshaw,9.0,20,20,2,5,0,0,0,0,0,13650,0.7160696167954421,1,0,No,1,0.5720232055984807,0.0
443,35. Verka Bypass,0,0,0,0,519.6,0.0,Male,0,28,Labourer,Work,Shared Autorickshaw,10.0,30,20,6,10,100,0,0,0,0,13650,0.7160696167954421,1,0,Yes,1,0.5720232055984807,0.0
443,35. Verka Bypass,1,1,0,0,526.9462109193516,0.0,Male,0,28,Labourer,Work,Shared Autorickshaw,10.0,30,20,6,10,100,0,0,0,0,13650,0.7160696167954421,1,0,Yes,1,0.5720232055984807,0.0
444,8. Hall Gate,0,0,0,0,519.6,0.0,Male,0,65,Private salaried job,Work,Shared Autorickshaw,10.0,20,20,6,10,0,0,0,0,0,22000,0.3902286740029658,1,1,No,1,0.796742891334322,0.0
444,8. Hall Gate,1,1,0,0,521.5304149086891,0.0,Male,0,65,Private salaried job,Work,Shared Autorickshaw,10.0,20,20,6,10,0,0,0,0,0,22000,0.3902286740029658,1,1,No,1,0.796742891334322,0.0
445,11. Loharka Road,0,0,0,0,173.2,0.0,Female,1,22,Self-employed,Religious,Shared Autorickshaw,11.0,30,20,2,20,0,1,0,1,1,6374,1.0,0,0,No,1,0.3333333333333333,0.0
445,11. Loharka Road,1,1,0,0,175.907587513178,0.0,Female,1,22,Self-employed,Religious,Shared Autorickshaw,11.0,30,20,2,20,0,1,0,1,1,6374,1.0,0,0,No,1,0.3333333333333333,0.0
446,13. Mudhal Bypass,0,0,0,0,519.6,0.0,Female,1,30,Homemaker,Work,Shared Autorickshaw,11.0,30,20,6,5,200,0,0,0,0,0,1.0,1,0,No,0,0.6666666666666666,0.0
446,13. Mudhal Bypass,1,1,0,0,526.6990469728131,0.0,Female,1,30,Homemaker,Work,Shared Autorickshaw,11.0,30,20,6,5,200,0,0,0,0,0,1.0,1,0,No,0,0.6666666666666666,0.0
447,16. Ram Tirath Road,0,0,0,0,433.0,0.0,Female,1,30,Self-employed,Work,Shared Autorickshaw,12.0,30,20,5,10,200,0,0,0,0,6374,1.0,1,0,No,1,0.6666666666666666,0.0
447,16. Ram Tirath Road,1,1,0,0,442.8020478489868,0.0,Female,1,30,Self-employed,Work,Shared Autorickshaw,12.0,30,20,5,10,200,0,0,0,0,6374,1.0,1,0,No,1,0.6666666666666666,0.0
448,11. Loharka Road,0,0,0,0,519.6,0.0,Female,1,50,Self-employed,Work,Shared Autorickshaw,12.0,30,40,3,30,100,2,0,0,2,6374,1.0,0,0,Yes,1,0.3333333333333333,0.0
448,11. Loharka Road,1,1,0,0,525.7154360597707,0.0,Female,1,50,Self-employed,Work,Shared Autorickshaw,12.0,30,40,3,30,100,2,0,0,2,6374,1.0,0,0,Yes,1,0.3333333333333333,0.0
449,11. Loharka Road,0,0,1,0,346.4,0.0,Male,0,67,Self-employed,Religious,Shared Autorickshaw,12.0,30,40,2,30,0,2,0,1,2,17914,0.5496761102005776,0,1,No,1,0.5165587034001925,0.0
449,11. Loharka Road,1,1,1,1,173.2,20.0,Male,0,67,Self-employed,Religious,Shared Autorickshaw,12.0,30,40,2,30,0,2,0,1,2,17914,0.5496761102005776,0,1,No,1,0.5165587034001925,0.5165587034001925
450,5. Ghee Mandi Chowk,0,0,0,0,779.4,0.0,Male,0,70,Self-employed,Work,Shared Autorickshaw,12.0,35,30,6,2,200,0,0,0,0,17914,0.5496761102005776,1,1,Yes,1,0.8498920367335258,0.0
450,5. Ghee Mandi Chowk,1,1,0,0,785.5630896992753,0.0,Male,0,70,Self-employed,Work,Shared Autorickshaw,12.0,35,30,6,2,200,0,0,0,0,17914,0.5496761102005776,1,1,Yes,1,0.8498920367335258,0.0
451,Chattarwind_Gate,0,0,0,0,866.0,0.0,Female,1,19,Private salaried job,Work,Shared Autorickshaw,14.0,45,50,4,5,100,0,0,1,0,17000,0.5853430110044486,1,0,Yes,1,0.5284476703348162,0.0
451,Chattarwind_Gate,1,1,0,0,866.4235055158017,0.0,Female,1,19,Private salaried job,Work,Shared Autorickshaw,14.0,45,50,4,5,100,0,0,1,0,17000,0.5853430110044486,1,0,Yes,1,0.5284476703348162,0.0
452,15. Rajasansi,0,0,1,0,173.2,0.0,Male,0,31,Self-employed,Shopping,Shared Autorickshaw,15.0,15,20,2,10,500,2,1,0,3,17914,0.5496761102005776,0,0,No,1,0.1832253700668592,0.0
452,15. Rajasansi,1,1,1,1,173.2,20.0,Male,0,31,Self-employed,Shopping,Shared Autorickshaw,15.0,15,20,2,10,500,2,1,0,3,17914,0.5496761102005776,0,0,No,1,0.1832253700668592,0.1832253700668592
453,20. Sultanwind gate,0,0,1,0,259.8,0.0,Female,1,33,Homemaker,Religious,Shared Autorickshaw,15.0,30,20,3,10,50,1,0,0,1,0,1.0,0,0,Yes,0,0.3333333333333333,0.0
453,20. Sultanwind gate,1,1,1,1,259.8,20.0,Female,1,33,Homemaker,Religious,Shared Autorickshaw,15.0,30,20,3,10,50,1,0,0,1,0,1.0,0,0,Yes,0,0.3333333333333333,0.3333333333333333
454,3. Bus stand,0,0,0,0,519.6,0.0,Male,0,41,Private salaried job,Work,Shared Autorickshaw,15.0,30,20,6,0,0,0,0,1,0,22000,0.3902286740029658,1,0,No,1,0.4634095580009886,0.0
454,3. Bus stand,1,1,0,0,521.3312784642251,0.0,Male,0,41,Private salaried job,Work,Shared Autorickshaw,15.0,30,20,6,0,0,0,0,1,0,22000,0.3902286740029658,1,0,No,1,0.4634095580009886,0.0
455,10. Kot Man Singh,0,0,0,0,0.0,0.0,Male,0,40,Self-employed,Work,Bicycle,1.0,15,0,6,0,0,0,0,1,0,17914,0.5496761102005776,1,0,Yes,1,0.5165587034001925,0.0
455,10. Kot Man Singh,1,1,0,0,0.9172100582419808,0.0,Male,0,40,Self-employed,Work,Bicycle,1.0,15,0,6,0,0,0,0,1,0,17914,0.5496761102005776,1,0,Yes,1,0.5165587034001925,0.0
456,16. Ram Tirath Road,0,0,0,0,0.0,0.0,Male,0,45,Self-employed,Work,Bicycle,1.0,15,0,7,0,0,2,0,2,2,17914,0.5496761102005776,0,0,Yes,1,0.1832253700668592,0.0
456,16. Ram Tirath Road,1,1,0,0,1.835332288803189,0.0,Male,0,45,Self-employed,Work,Bicycle,1.0,15,0,7,0,0,2,0,2,2,17914,0.5496761102005776,0,0,Yes,1,0.1832253700668592,0.0
457,33. Tara Wala pul,0,0,0,0,0.0,0.0,Male,0,65,Unemployed,Religious,Bicycle,1.0,10,0,7,0,0,1,0,1,1,0,1.0,0,1,No,0,0.6666666666666666,0.0
457,33. Tara Wala pul,1,1,0,0,9.800271795541924,0.0,Male,0,65,Unemployed,Religious,Bicycle,1.0,10,0,7,0,0,1,0,1,1,0,1.0,0,1,No,0,0.6666666666666666,0.0
458,6. Gumtala Chowk,0,0,0,0,0.0,0.0,Male,0,16,Student,Education,Bicycle,1.5,30,0,6,0,0,1,0,1,1,0,1.0,0,0,No,0,0.3333333333333333,0.0
458,6. Gumtala Chowk,1,1,0,0,4.585606424584898,0.0,Male,0,16,Student,Education,Bicycle,1.5,30,0,6,0,0,1,0,1,1,0,1.0,0,0,No,0,0.3333333333333333,0.0
459,31. Queens Road,0,0,0,0,0.0,0.0,Male,0,28,Self-employed,Work,Bicycle,1.5,20,0,6,0,0,2,0,2,2,17914,0.5496761102005776,0,0,Yes,1,0.1832253700668592,0.0
459,31. Queens Road,1,1,0,0,7.84080948341408,0.0,Male,0,28,Self-employed,Work,Bicycle,1.5,20,0,6,0,0,2,0,2,2,17914,0.5496761102005776,0,0,Yes,1,0.1832253700668592,0.0
460,12. Majitha Road Bypass,0,0,0,0,0.0,0.0,Male,0,32,Private salaried job,Work,Bicycle,1.5,10,0,6,0,0,0,0,1,0,22000,0.3902286740029658,1,0,No,1,0.4634095580009886,0.0
460,12. Majitha Road Bypass,1,1,0,0,6.364083421077769,0.0,Male,0,32,Private salaried job,Work,Bicycle,1.5,10,0,6,0,0,0,0,1,0,22000,0.3902286740029658,1,0,No,1,0.4634095580009886,0.0
461,3. Bus stand,0,0,0,0,0.0,0.0,Male,0,40,Private salaried job,Work,Bicycle,1.5,7,0,5,0,0,0,0,1,0,22000,0.3902286740029658,1,0,Yes,1,0.4634095580009886,0.0
461,3. Bus stand,1,1,0,0,5.724131499586374,0.0,Male,0,40,Private salaried job,Work,Bicycle,1.5,7,0,5,0,0,0,0,1,0,22000,0.3902286740029658,1,0,Yes,1,0.4634095580009886,0.0
462,19. Sultanwind,0,0,0,0,0.0,0.0,Male,0,40,Self-employed,Work,Bicycle,2.0,10,0,6,0,0,0,0,1,0,17914,0.5496761102005776,1,0,No,1,0.5165587034001925,0.0
462,19. Sultanwind,1,1,0,0,1.451302546650497,0.0,Male,0,40,Self-employed,Work,Bicycle,2.0,10,0,6,0,0,0,0,1,0,17914,0.5496761102005776,1,0,No,1,0.5165587034001925,0.0
463,20. Sultanwind gate,0,0,0,0,0.0,0.0,Male,0,40,Self-employed,Work,Bicycle,2.0,15,0,6,0,0,0,0,1,0,17914,0.5496761102005776,1,0,No,1,0.5165587034001925,0.0
463,20. Sultanwind gate,1,1,0,0,9.460244535580951,0.0,Male,0,40,Self-employed,Work,Bicycle,2.0,15,0,6,0,0,0,0,1,0,17914,0.5496761102005776,1,0,No,1,0.5165587034001925,0.0
464,7. Guru Ram Das Charitable Hospital,0,0,0,0,0.0,0.0,Male,0,48,Self-employed,Work,Bicycle,2.0,10,0,1,0,0,0,0,1,0,17914,0.5496761102005776,1,0,No,1,0.5165587034001925,0.0
464,7. Guru Ram Das Charitable Hospital,1,1,0,0,3.01342632514718,0.0,Male,0,48,Self-employed,Work,Bicycle,2.0,10,0,1,0,0,0,0,1,0,17914,0.5496761102005776,1,0,No,1,0.5165587034001925,0.0
465,1. 100 ft road Chowk,0,0,0,0,0.0,0.0,Male,0,50,Self-employed,Work,Bicycle,2.0,15,0,6,0,0,1,0,1,1,17914,0.5496761102005776,0,0,No,1,0.1832253700668592,0.0
465,1. 100 ft road Chowk,1,1,0,0,5.7801721580754215,0.0,Male,0,50,Self-employed,Work,Bicycle,2.0,15,0,6,0,0,1,0,1,1,17914,0.5496761102005776,0,0,No,1,0.1832253700668592,0.0
466,1. 100 ft road Chowk,0,0,0,0,0.0,0.0,Male,0,60,Private salaried job,Work,Bicycle,2.0,15,0,6,0,0,0,0,1,0,22000,0.3902286740029658,1,1,No,1,0.796742891334322,0.0
466,1. 100 ft road Chowk,1,1,0,0,6.997759445890662,0.0,Male,0,60,Private salaried job,Work,Bicycle,2.0,15,0,6,0,0,0,0,1,0,22000,0.3902286740029658,1,1,No,1,0.796742891334322,0.0
467,34. Valmiki Chowk,0,0,0,0,0.0,0.0,Male,0,22,Self-employed,Work,Bicycle,3.0,30,0,3,0,0,2,0,1,2,17914,0.5496761102005776,0,0,No,1,0.1832253700668592,0.0
467,34. Valmiki Chowk,1,1,0,0,6.492331552453089,0.0,Male,0,22,Self-employed,Work,Bicycle,3.0,30,0,3,0,0,2,0,1,2,17914,0.5496761102005776,0,0,No,1,0.1832253700668592,0.0
468,12. Majitha Road Bypass,0,0,0,0,0.0,0.0,Male,0,35,Private salaried job,Work,Bicycle,3.0,15,0,6,0,0,0,0,1,0,22000,0.3902286740029658,1,0,No,1,0.4634095580009886,0.0
468,12. Majitha Road Bypass,1,1,0,0,9.405944096955183,0.0,Male,0,35,Private salaried job,Work,Bicycle,3.0,15,0,6,0,0,0,0,1,0,22000,0.3902286740029658,1,0,No,1,0.4634095580009886,0.0
469,Chattarwind_Gate,0,0,0,0,0.0,0.0,Male,0,42,Self-employed,Work,Bicycle,3.0,10,0,7,0,0,1,0,1,1,17914,0.5496761102005776,0,0,Yes,1,0.1832253700668592,0.0
469,Chattarwind_Gate,1,1,0,0,1.48438989920058,0.0,Male,0,42,Self-employed,Work,Bicycle,3.0,10,0,7,0,0,1,0,1,1,17914,0.5496761102005776,0,0,Yes,1,0.1832253700668592,0.0
470,29. Kachehri Chowk,0,0,0,0,0.0,0.0,Male,0,46,Self-employed,Work,Bicycle,3.0,30,0,6,0,0,0,0,1,0,17914,0.5496761102005776,1,0,No,1,0.5165587034001925,0.0
470,29. Kachehri Chowk,1,1,0,0,5.083527384469421,0.0,Male,0,46,Self-employed,Work,Bicycle,3.0,30,0,6,0,0,0,0,1,0,17914,0.5496761102005776,1,0,No,1,0.5165587034001925,0.0
471,13. Mudhal Bypass,0,0,0,0,0.0,0.0,Male,0,40,Self-employed,Work,Bicycle,5.0,20,0,5,0,0,0,0,1,0,17914,0.5496761102005776,1,0,No,1,0.5165587034001925,0.0
471,13. Mudhal Bypass,1,1,0,0,4.04034390740766,0.0,Male,0,40,Self-employed,Work,Bicycle,5.0,20,0,5,0,0,0,0,1,0,17914,0.5496761102005776,1,0,No,1,0.5165587034001925,0.0
472,26. Guru Harkrishan School,0,0,0,0,0.0,0.0,Male,0,32,Self-employed,Work,Bicycle,6.0,40,0,6,0,0,0,0,1,0,17914,0.5496761102005776,1,0,No,1,0.5165587034001925,0.0
472,26. Guru Harkrishan School,1,1,0,0,4.741687294826181,0.0,Male,0,32,Self-employed,Work,Bicycle,6.0,40,0,6,0,0,0,0,1,0,17914,0.5496761102005776,1,0,No,1,0.5165587034001925,0.0
473,Chattarwind_Gate,0,0,0,0,0.0,0.0,Male,0,35,Labourer,Work,Bicycle,6.0,40,0,7,0,0,0,0,1,0,13650,0.7160696167954421,1,0,Yes,1,0.5720232055984807,0.0
473,Chattarwind_Gate,1,1,0,0,1.1921752619774462,0.0,Male,0,35,Labourer,Work,Bicycle,6.0,40,0,7,0,0,0,0,1,0,13650,0.7160696167954421,1,0,Yes,1,0.5720232055984807,0.0
474,11. Loharka Road,0,0,0,0,0.0,0.0,Male,0,40,Labourer,Work,Bicycle,7.0,20,0,7,0,0,1,0,1,1,13650,0.7160696167954421,0,0,No,1,0.2386898722651473,0.0
474,11. Loharka Road,1,1,0,0,1.3409460987276534,0.0,Male,0,40,Labourer,Work,Bicycle,7.0,20,0,7,0,0,1,0,1,1,13650,0.7160696167954421,0,0,No,1,0.2386898722651473,0.0
475,32. Railway Station,0,0,0,0,0.0,0.0,Female,1,30,Self-employed,Work,Bicycle,8.0,20,0,6,0,0,0,0,1,0,6374,1.0,1,0,No,1,0.6666666666666666,0.0
475,32. Railway Station,1,1,0,0,2.7807554578125737,0.0,Female,1,30,Self-employed,Work,Bicycle,8.0,20,0,6,0,0,0,0,1,0,6374,1.0,1,0,No,1,0.6666666666666666,0.0
476,5. Ghee Mandi Chowk,0,0,0,0,0.0,0.0,Male,0,40,Labourer,Work,Bicycle,11.0,45,0,6,0,0,1,0,1,1,13650,0.7160696167954421,0,0,Yes,1,0.2386898722651473,0.0
476,5. Ghee Mandi Chowk,1,1,0,0,3.047046037608313,0.0,Male,0,40,Labourer,Work,Bicycle,11.0,45,0,6,0,0,1,0,1,1,13650,0.7160696167954421,0,0,Yes,1,0.2386898722651473,0.0
477,14. Municipal Corporation,0,0,0,0,0.0,0.0,Male,0,45,Private salaried job,Work,Bicycle,15.0,60,0,6,0,0,0,0,1,0,22000,0.3902286740029658,1,0,Yes,1,0.4634095580009886,0.0
477,14. Municipal Corporation,1,1,0,0,4.2790321368135,0.0,Male,0,45,Private salaried job,Work,Bicycle,15.0,60,0,6,0,0,0,0,1,0,22000,0.3902286740029658,1,0,Yes,1,0.4634095580009886,0.0
478,13. Mudhal Bypass,0,0,0,0,129.9,0.0,Female,1,50,Homemaker,Shopping,Shared E-Rickshaw,1.0,10,10,3,5,100,1,0,1,1,0,1.0,0,0,No,0,0.3333333333333333,0.0
478,13. Mudhal Bypass,1,1,0,0,136.0098754703663,0.0,Female,1,50,Homemaker,Shopping,Shared E-Rickshaw,1.0,10,10,3,5,100,1,0,1,1,0,1.0,0,0,No,0,0.3333333333333333,0.0
479,32. Railway Station,0,0,0,0,86.6,0.0,Male,0,70,Self-employed,Work,Shared E-Rickshaw,1.0,10,10,2,0,0,1,0,1,1,17914,0.5496761102005776,0,1,No,1,0.5165587034001925,0.0
479,32. Railway Station,1,1,0,0,92.94629117418262,0.0,Male,0,70,Self-employed,Work,Shared E-Rickshaw,1.0,10,10,2,0,0,1,0,1,1,17914,0.5496761102005776,0,1,No,1,0.5165587034001925,0.0
480,26. Guru Harkrishan School,0,0,0,0,519.6,0.0,Male,0,55,Self-employed,Work,Shared E-Rickshaw,1.5,10,20,6,0,0,0,0,0,0,17914,0.5496761102005776,1,0,No,1,0.5165587034001925,0.0
480,26. Guru Harkrishan School,1,1,0,0,523.7181089658558,0.0,Male,0,55,Self-employed,Work,Shared E-Rickshaw,1.5,10,20,6,0,0,0,0,0,0,17914,0.5496761102005776,1,0,No,1,0.5165587034001925,0.0
481,Majitha_Road,0,0,0,0,779.4,0.0,Female,1,22,Self-employed,Work,Shared E-Rickshaw,2.0,15,30,6,5,100,0,0,0,0,6374,1.0,1,0,No,1,0.6666666666666666,0.0
481,Majitha_Road,1,1,0,0,783.487831094287,0.0,Female,1,22,Self-employed,Work,Shared E-Rickshaw,2.0,15,30,6,5,100,0,0,0,0,6374,1.0,1,0,No,1,0.6666666666666666,0.0
482,24. GNDU,0,0,0,0,259.8,0.0,Female,1,22,Student,Education,Shared E-Rickshaw,2.0,15,20,3,0,50,1,1,1,2,0,1.0,0,0,No,0,0.3333333333333333,0.0
482,24. GNDU,1,1,0,0,261.9762852669696,0.0,Female,1,22,Student,Education,Shared E-Rickshaw,2.0,15,20,3,0,50,1,1,1,2,0,1.0,0,0,No,0,0.3333333333333333,0.0
483,8. Hall Gate,0,0,0,0,259.8,0.0,Female,1,23,Private salaried job,Work,Shared E-Rickshaw,2.0,7,10,6,0,0,1,0,0,1,17000,0.5853430110044486,0,0,Yes,1,0.1951143370014828,0.0
483,8. Hall Gate,1,1,0,0,265.6830624840901,0.0,Female,1,23,Private salaried job,Work,Shared E-Rickshaw,2.0,7,10,6,0,0,1,0,0,1,17000,0.5853430110044486,0,0,Yes,1,0.1951143370014828,0.0
484,7. Guru Ram Das Charitable Hospital,0,0,0,0,303.1,0.0,Male,0,25,Self-employed,Work,Shared E-Rickshaw,2.0,15,10,7,0,0,0,0,0,0,17914,0.5496761102005776,1,0,No,1,0.5165587034001925,0.0
484,7. Guru Ram Das Charitable Hospital,1,1,0,0,306.2704091131724,0.0,Male,0,25,Self-employed,Work,Shared E-Rickshaw,2.0,15,10,7,0,0,0,0,0,0,17914,0.5496761102005776,1,0,No,1,0.5165587034001925,0.0
485,7. Guru Ram Das Charitable Hospital,0,0,0,0,259.8,0.0,Male,0,25,Self-employed,Work,Shared E-Rickshaw,2.0,10,10,6,2,0,1,0,0,1,17914,0.5496761102005776,0,0,No,1,0.1832253700668592,0.0
485,7. Guru Ram Das Charitable Hospital,1,1,0,0,260.16059834277365,0.0,Male,0,25,Self-employed,Work,Shared E-Rickshaw,2.0,10,10,6,2,0,1,0,0,1,17914,0.5496761102005776,0,0,No,1,0.1832253700668592,0.0
486,26. Guru Harkrishan School,0,0,0,0,519.6,0.0,Male,0,26,Private salaried job,Work,Shared E-Rickshaw,2.0,8,20,6,3,0,2,1,0,3,22000,0.3902286740029658,0,0,Yes,1,0.1300762246676552,0.0
486,26. Guru Harkrishan School,1,1,0,0,523.7840004415687,0.0,Male,0,26,Private salaried job,Work,Shared E-Rickshaw,2.0,8,20,6,3,0,2,1,0,3,22000,0.3902286740029658,0,0,Yes,1,0.1300762246676552,0.0
487,19. Sultanwind,0,0,0,0,303.1,0.0,Male,0,28,Private salaried job,Work,Shared E-Rickshaw,2.0,15,10,7,2,0,0,0,0,0,22000,0.3902286740029658,1,0,Yes,1,0.4634095580009886,0.0
487,19. Sultanwind,1,1,0,0,307.8413267509017,0.0,Male,0,28,Private salaried job,Work,Shared E-Rickshaw,2.0,15,10,7,2,0,0,0,0,0,22000,0.3902286740029658,1,0,Yes,1,0.4634095580009886,0.0
488,27. Hussainpura Chowk,0,0,0,0,606.2,0.0,Male,0,30,Private salaried job,Work,Shared E-Rickshaw,2.0,20,20,7,10,2000,1,0,1,1,22000,0.3902286740029658,0,0,No,1,0.1300762246676552,0.0
488,27. Hussainpura Chowk,1,1,0,0,608.4559286820421,0.0,Male,0,30,Private salaried job,Work,Shared E-Rickshaw,2.0,20,20,7,10,2000,1,0,1,1,22000,0.3902286740029658,0,0,No,1,0.1300762246676552,0.0
489,Majitha_Road,0,0,0,0,259.8,0.0,Male,0,30,Private salaried job,Work,Shared E-Rickshaw,2.0,10,20,3,5,50,1,1,0,2,22000,0.3902286740029658,0,0,No,1,0.1300762246676552,0.0
489,Majitha_Road,1,1,0,0,265.5245793312212,0.0,Male,0,30,Private salaried job,Work,Shared E-Rickshaw,2.0,10,20,3,5,50,1,1,0,2,22000,0.3902286740029658,0,0,No,1,0.1300762246676552,0.0
490,Chattarwind_Gate,0,0,1,0,43.3,0.0,Female,1,30,Homemaker,Religious,Shared E-Rickshaw,2.0,10,10,1,5,50,2,0,0,2,0,1.0,0,0,No,0,0.3333333333333333,0.0
490,Chattarwind_Gate,1,1,1,1,21.65,5.0,Female,1,30,Homemaker,Religious,Shared E-Rickshaw,2.0,10,10,1,5,50,2,0,0,2,0,1.0,0,0,No,0,0.3333333333333333,0.3333333333333333
491,20. Sultanwind gate,0,0,0,0,259.8,0.0,Female,1,30,Homemaker,Work,Shared E-Rickshaw,2.0,10,10,6,0,50,1,0,0,1,0,1.0,0,0,No,0,0.3333333333333333,0.0
491,20. Sultanwind gate,1,1,0,0,266.82002181110374,0.0,Female,1,30,Homemaker,Work,Shared E-Rickshaw,2.0,10,10,6,0,50,1,0,0,1,0,1.0,0,0,No,0,0.3333333333333333,0.0
492,Majitha_Road,0,0,0,0,129.9,0.0,Female,1,50,Homemaker,Work,Shared E-Rickshaw,2.0,10,10,3,5,100,1,0,0,1,0,1.0,0,0,No,0,0.3333333333333333,0.0
492,Majitha_Road,1,1,0,0,136.3794848220121,0.0,Female,1,50,Homemaker,Work,Shared E-Rickshaw,2.0,10,10,3,5,100,1,0,0,1,0,1.0,0,0,No,0,0.3333333333333333,0.0
493,31. Queens Road,0,0,1,0,259.8,0.0,Female,1,60,Homemaker,Health,Shared E-Rickshaw,2.0,10,20,3,5,0,3,0,2,3,0,1.0,0,1,No,0,0.6666666666666666,0.0
493,31. Queens Road,1,1,1,1,64.95,5.0,Female,1,60,Homemaker,Health,Shared E-Rickshaw,2.0,10,20,3,5,0,3,0,2,3,0,1.0,0,1,No,0,0.6666666666666666,0.6666666666666666
494,20. Sultanwind gate,0,0,0,0,259.8,0.0,Female,1,60,Homemaker,Religious,Shared E-Rickshaw,2.0,15,20,3,5,100,2,0,1,2,0,1.0,0,1,No,0,0.6666666666666666,0.0
494,20. Sultanwind gate,1,1,0,0,262.96214151824046,0.0,Female,1,60,Homemaker,Religious,Shared E-Rickshaw,2.0,15,20,3,5,100,2,0,1,2,0,1.0,0,1,No,0,0.6666666666666666,0.0
495,17. Ratan Singh Chowk,0,0,1,0,519.6,0.0,Male,0,69,Self-employed,Work,Shared E-Rickshaw,2.0,10,20,6,0,0,0,0,0,0,17914,0.5496761102005776,1,1,Yes,1,0.8498920367335258,0.0
495,17. Ratan Singh Chowk,1,1,1,1,129.9,5.0,Male,0,69,Self-employed,Work,Shared E-Rickshaw,2.0,10,20,6,0,0,0,0,0,0,17914,0.5496761102005776,1,1,Yes,1,0.8498920367335258,0.8498920367335258
496,19. Sultanwind,0,0,1,0,259.8,0.0,Male,0,70,Unemployed,Recreational,Shared E-Rickshaw,2.0,15,10,6,0,0,1,0,1,1,0,1.0,0,1,No,0,0.6666666666666666,0.0
496,19. Sultanwind,1,1,1,1,129.9,5.0,Male,0,70,Unemployed,Recreational,Shared E-Rickshaw,2.0,15,10,6,0,0,1,0,1,1,0,1.0,0,1,No,0,0.6666666666666666,0.6666666666666666
497,31. Queens Road,0,0,0,0,433.0,0.0,Male,0,45,Private salaried job,Work,Shared E-Rickshaw,2.5,10,20,5,5,100,2,1,1,3,22000,0.3902286740029658,0,0,No,1,0.1300762246676552,0.0
497,31. Queens Road,1,1,0,0,437.3141819517989,0.0,Male,0,45,Private salaried job,Work,Shared E-Rickshaw,2.5,10,20,5,5,100,2,1,1,3,22000,0.3902286740029658,0,0,No,1,0.1300762246676552,0.0
498,1. 100 ft road Chowk,0,0,0,0,259.8,0.0,Male,0,45,Labourer,Work,Shared E-Rickshaw,2.5,5,10,6,0,0,0,0,1,0,13650,0.7160696167954421,1,0,No,1,0.5720232055984807,0.0
498,1. 100 ft road Chowk,1,1,0,0,266.0601248094106,0.0,Male,0,45,Labourer,Work,Shared E-Rickshaw,2.5,5,10,6,0,0,0,0,1,0,13650,0.7160696167954421,1,0,No,1,0.5720232055984807,0.0
499,19. Sultanwind,0,0,0,0,519.6,0.0,Male,0,17,Student,Education,Shared E-Rickshaw,3.0,5,20,6,0,0,0,0,1,0,0,1.0,1,0,Yes,0,0.6666666666666666,0.0
499,19. Sultanwind,1,1,0,0,523.2065733445025,0.0,Male,0,17,Student,Education,Shared E-Rickshaw,3.0,5,20,6,0,0,0,0,1,0,0,1.0,1,0,Yes,0,0.6666666666666666,0.0
500,32. Railway Station,0,0,0,0,433.0,0.0,Female,1,18,Student,Education,Shared E-Rickshaw,3.0,20,20,5,5,100,2,0,1,2,0,1.0,0,0,No,0,0.3333333333333333,0.0
500,32. Railway Station,1,1,0,0,438.1273924460676,0.0,Female,1,18,Student,Education,Shared E-Rickshaw,3.0,20,20,5,5,100,2,0,1,2,0,1.0,0,0,No,0,0.3333333333333333,0.0
501,34. Valmiki Chowk,0,0,0,0,519.6,0.0,Female,1,21,Student,Education,Shared E-Rickshaw,3.0,20,20,6,10,100,0,0,0,0,0,1.0,1,0,Yes,0,0.6666666666666666,0.0
501,34. Valmiki Chowk,1,1,0,0,526.9670568848222,0.0,Female,1,21,Student,Education,Shared E-Rickshaw,3.0,20,20,6,10,100,0,0,0,0,0,1.0,1,0,Yes,0,0.6666666666666666,0.0
502,13. Mudhal Bypass,0,0,0,0,259.8,0.0,Female,1,22,Student,Education,Shared E-Rickshaw,3.0,10,10,6,5,200,2,0,0,2,0,1.0,0,0,Yes,0,0.3333333333333333,0.0
502,13. Mudhal Bypass,1,1,0,0,268.6640288672371,0.0,Female,1,22,Student,Education,Shared E-Rickshaw,3.0,10,10,6,5,200,2,0,0,2,0,1.0,0,0,Yes,0,0.3333333333333333,0.0
503,36. Verka Railway Station,0,0,0,0,779.4,0.0,Female,1,23,Student,Education,Shared E-Rickshaw,3.0,20,30,6,0,0,1,1,1,2,0,1.0,0,0,Yes,0,0.3333333333333333,0.0
503,36. Verka Railway Station,1,1,0,0,788.6105719729519,0.0,Female,1,23,Student,Education,Shared E-Rickshaw,3.0,20,30,6,0,0,1,1,1,2,0,1.0,0,0,Yes,0,0.3333333333333333,0.0
504,24. GNDU,0,0,0,0,433.0,0.0,Female,1,23,Student,Education,Shared E-Rickshaw,3.0,15,20,5,5,50,1,0,0,1,0,1.0,0,0,Yes,0,0.3333333333333333,0.0
504,24. GNDU,1,1,0,0,438.036329251831,0.0,Female,1,23,Student,Education,Shared E-Rickshaw,3.0,15,20,5,5,50,1,0,0,1,0,1.0,0,0,Yes,0,0.3333333333333333,0.0
505,34. Valmiki Chowk,0,0,0,0,519.6,0.0,Female,1,25,Self-employed,Work,Shared E-Rickshaw,3.0,5,20,6,0,50,0,0,0,0,6374,1.0,1,0,No,1,0.6666666666666666,0.0
505,34. Valmiki Chowk,1,1,0,0,524.8027511474057,0.0,Female,1,25,Self-employed,Work,Shared E-Rickshaw,3.0,5,20,6,0,50,0,0,0,0,6374,1.0,1,0,No,1,0.6666666666666666,0.0
506,19. Sultanwind,0,0,0,0,606.2,0.0,Male,0,26,Private salaried job,Work,Shared E-Rickshaw,3.0,20,20,7,0,0,0,0,0,0,22000,0.3902286740029658,1,0,Yes,1,0.4634095580009886,0.0
506,19. Sultanwind,1,1,0,0,614.1987041076384,0.0,Male,0,26,Private salaried job,Work,Shared E-Rickshaw,3.0,20,20,7,0,0,0,0,0,0,22000,0.3902286740029658,1,0,Yes,1,0.4634095580009886,0.0
507,18. Spring Dale,0,0,0,0,303.1,0.0,Female,1,28,Labourer,Work,Shared E-Rickshaw,3.0,15,10,7,2,200,0,0,0,0,9450,0.8799656598766877,1,0,No,1,0.626655219958896,0.0
507,18. Spring Dale,1,1,0,0,306.24450691744204,0.0,Female,1,28,Labourer,Work,Shared E-Rickshaw,3.0,15,10,7,2,200,0,0,0,0,9450,0.8799656598766877,1,0,No,1,0.626655219958896,0.0
508,18. Spring Dale,0,0,0,0,606.2,0.0,Female,1,35,Labourer,Work,Private E-Rickshaw,3.0,10,20,7,2,300,0,0,0,0,9450,0.8799656598766877,1,0,No,1,0.626655219958896,0.0
508,18. Spring Dale,1,1,0,0,614.5738236234507,0.0,Female,1,35,Labourer,Work,Private E-Rickshaw,3.0,10,20,7,2,300,0,0,0,0,9450,0.8799656598766877,1,0,No,1,0.626655219958896,0.0
509,23. Celebration Mall,0,0,1,0,519.6,0.0,Male,0,35,Private salaried job,Work,Shared E-Rickshaw,3.0,15,20,6,5,100,1,0,1,1,22000,0.3902286740029658,0,0,Yes,1,0.1300762246676552,0.0
509,23. Celebration Mall,1,1,1,1,129.9,5.0,Male,0,35,Private salaried job,Work,Shared E-Rickshaw,3.0,15,20,6,5,100,1,0,1,1,22000,0.3902286740029658,0,0,Yes,1,0.1300762246676552,0.1300762246676552
510,7. Guru Ram Das Charitable Hospital,0,0,0,0,519.6,0.0,Male,0,56,Self-employed,Work,Shared E-Rickshaw,3.0,30,20,6,0,0,0,0,0,0,17914,0.5496761102005776,1,0,Yes,1,0.5165587034001925,0.0
510,7. Guru Ram Das Charitable Hospital,1,1,0,0,520.7585672433527,0.0,Male,0,56,Self-employed,Work,Shared E-Rickshaw,3.0,30,20,6,0,0,0,0,0,0,17914,0.5496761102005776,1,0,Yes,1,0.5165587034001925,0.0
511,32. Railway Station,0,0,0,0,779.4,0.0,Male,0,59,Private salaried job,Work,Shared E-Rickshaw,3.0,15,30,6,0,0,0,0,0,0,22000,0.3902286740029658,1,0,No,1,0.4634095580009886,0.0
511,32. Railway Station,1,1,0,0,780.1205914707294,0.0,Male,0,59,Private salaried job,Work,Shared E-Rickshaw,3.0,15,30,6,0,0,0,0,0,0,22000,0.3902286740029658,1,0,No,1,0.4634095580009886,0.0
512,22. 100 feet raod,0,0,0,0,173.2,0.0,Male,0,59,Government salaried job,Work,Shared E-Rickshaw,3.0,15,10,4,2,100,0,0,0,0,32000,0.0,1,0,Yes,1,0.3333333333333333,0.0
512,22. 100 feet raod,1,1,0,0,181.6199321103946,0.0,Male,0,59,Government salaried job,Work,Shared E-Rickshaw,3.0,15,10,4,2,100,0,0,0,0,32000,0.0,1,0,Yes,1,0.3333333333333333,0.0
513,30. Novelty Chowk,0,0,0,0,519.6,0.0,Male,0,60,Unemployed,Work,Shared E-Rickshaw,3.0,20,30,4,10,300,0,0,0,0,0,1.0,1,1,Yes,0,1.0,0.0
513,30. Novelty Chowk,1,1,0,0,520.1556791690688,0.0,Male,0,60,Unemployed,Work,Shared E-Rickshaw,3.0,20,30,4,10,300,0,0,0,0,0,1.0,1,1,Yes,0,1.0,0.0
514,3. Bus stand,0,0,0,0,519.6,0.0,Male,0,80,Private salaried job,Work,Shared E-Rickshaw,3.0,15,20,6,15,0,0,0,0,0,22000,0.3902286740029658,1,1,No,1,0.796742891334322,0.0
514,3. Bus stand,1,1,0,0,522.4061143613366,0.0,Male,0,80,Private salaried job,Work,Shared E-Rickshaw,3.0,15,20,6,15,0,0,0,0,0,22000,0.3902286740029658,1,1,No,1,0.796742891334322,0.0
515,3. Bus stand,0,0,0,0,519.6,0.0,Female,1,18,Student,Education,Shared E-Rickshaw,4.0,30,20,6,5,100,2,0,1,2,0,1.0,0,0,No,0,0.3333333333333333,0.0
515,3. Bus stand,1,1,0,0,522.9413004050155,0.0,Female,1,18,Student,Education,Shared E-Rickshaw,4.0,30,20,6,5,100,2,0,1,2,0,1.0,0,0,No,0,0.3333333333333333,0.0
516,35. Verka Bypass,0,0,0,0,303.1,0.0,Female,1,18,Private salaried job,Work,Shared E-Rickshaw,4.0,30,10,7,10,0,0,0,0,0,17000,0.5853430110044486,1,0,No,1,0.5284476703348162,0.0
516,35. Verka Bypass,1,1,0,0,304.82994445191594,0.0,Female,1,18,Private salaried job,Work,Shared E-Rickshaw,4.0,30,10,7,10,0,0,0,0,0,17000,0.5853430110044486,1,0,No,1,0.5284476703348162,0.0
517,12. Majitha Road Bypass,0,0,0,0,909.3,0.0,Male,0,20,Self-employed,Work,Shared E-Rickshaw,4.0,30,30,7,0,0,1,0,1,1,17914,0.5496761102005776,0,0,No,1,0.1832253700668592,0.0
517,12. Majitha Road Bypass,1,1,0,0,912.4389336980198,0.0,Male,0,20,Self-employed,Work,Shared E-Rickshaw,4.0,30,30,7,0,0,1,0,1,1,17914,0.5496761102005776,0,0,No,1,0.1832253700668592,0.0
518,27. Hussainpura Chowk,0,0,0,0,346.4,0.0,Female,1,22,Student,Work,Shared E-Rickshaw,4.0,20,20,4,5,200,0,0,0,0,0,1.0,1,0,Yes,0,0.6666666666666666,0.0
518,27. Hussainpura Chowk,1,1,0,0,353.82692566725086,0.0,Female,1,22,Student,Work,Shared E-Rickshaw,4.0,20,20,4,5,200,0,0,0,0,0,1.0,1,0,Yes,0,0.6666666666666666,0.0
519,25. Golden Gate,0,0,0,0,173.2,0.0,Female,1,26,Homemaker,Religious,Shared E-Rickshaw,4.0,15,20,2,0,100,1,0,0,1,0,1.0,0,0,No,0,0.3333333333333333,0.0
519,25. Golden Gate,1,1,0,0,173.34682843560068,0.0,Female,1,26,Homemaker,Religious,Shared E-Rickshaw,4.0,15,20,2,0,100,1,0,0,1,0,1.0,0,0,No,0,0.3333333333333333,0.0
520,34. Valmiki Chowk,0,0,0,0,606.2,0.0,Female,1,30,Homemaker,Work,Shared E-Rickshaw,4.0,30,20,7,5,150,0,0,0,0,0,1.0,1,0,Yes,0,0.6666666666666666,0.0
520,34. Valmiki Chowk,1,1,0,0,614.4717342452069,0.0,Female,1,30,Homemaker,Work,Shared E-Rickshaw,4.0,30,20,7,5,150,0,0,0,0,0,1.0,1,0,Yes,0,0.6666666666666666,0.0
521,19. Sultanwind,0,0,0,0,303.1,0.0,Male,0,45,Private salaried job,Work,Shared E-Rickshaw,4.0,10,10,7,15,0,1,0,0,1,22000,0.3902286740029658,0,0,No,1,0.1300762246676552,0.0
521,19. Sultanwind,1,1,0,0,311.6654802357456,0.0,Male,0,45,Private salaried job,Work,Shared E-Rickshaw,4.0,10,10,7,15,0,1,0,0,1,22000,0.3902286740029658,0,0,No,1,0.1300762246676552,0.0
522,10. Kot Man Singh,0,0,0,0,519.6,0.0,Male,0,50,Private salaried job,Work,Shared E-Rickshaw,4.0,30,20,6,5,0,1,0,0,1,22000,0.3902286740029658,0,0,Yes,1,0.1300762246676552,0.0
522,10. Kot Man Singh,1,1,0,0,523.3226157319154,0.0,Male,0,50,Private salaried job,Work,Shared E-Rickshaw,4.0,30,20,6,5,0,1,0,0,1,22000,0.3902286740029658,0,0,Yes,1,0.1300762246676552,0.0
523,19. Sultanwind,0,0,0,0,259.8,0.0,Female,1,50,Homemaker,Work,Shared E-Rickshaw,4.0,30,20,3,0,0,1,0,0,1,0,1.0,0,0,Yes,0,0.3333333333333333,0.0
523,19. Sultanwind,1,1,0,0,261.3361289906064,0.0,Female,1,50,Homemaker,Work,Shared E-Rickshaw,4.0,30,20,3,0,0,1,0,0,1,0,1.0,0,0,Yes,0,0.3333333333333333,0.0
524,29. Kachehri Chowk,0,0,0,0,779.4,0.0,Male,0,63,Private salaried job,Work,Shared E-Rickshaw,4.0,30,30,6,15,0,2,0,1,2,22000,0.3902286740029658,0,1,Yes,1,0.4634095580009886,0.0
524,29. Kachehri Chowk,1,1,0,0,785.4084040794507,0.0,Male,0,63,Private salaried job,Work,Shared E-Rickshaw,4.0,30,30,6,15,0,2,0,1,2,22000,0.3902286740029658,0,1,Yes,1,0.4634095580009886,0.0
525,32. Railway Station,0,0,0,0,433.0,0.0,Female,1,18,Student,Education,Shared E-Rickshaw,5.0,20,20,5,5,100,1,0,1,1,0,1.0,0,0,No,0,0.3333333333333333,0.0
525,32. Railway Station,1,1,0,0,434.19672555864895,0.0,Female,1,18,Student,Education,Shared E-Rickshaw,5.0,20,20,5,5,100,1,0,1,1,0,1.0,0,0,No,0,0.3333333333333333,0.0
526,Chattarwind_Gate,0,0,0,0,259.8,0.0,Female,1,18,Student,Education,Shared E-Rickshaw,5.0,20,10,6,5,200,0,0,0,0,0,1.0,1,0,No,0,0.6666666666666666,0.0
526,Chattarwind_Gate,1,1,0,0,263.4491936107825,0.0,Female,1,18,Student,Education,Shared E-Rickshaw,5.0,20,10,6,5,200,0,0,0,0,0,1.0,1,0,No,0,0.6666666666666666,0.0
527,19. Sultanwind,0,0,1,0,519.6,0.0,Male,0,20,Private salaried job,Work,Shared E-Rickshaw,5.0,5,20,6,0,0,0,0,0,0,22000,0.3902286740029658,1,0,No,1,0.4634095580009886,0.0
527,19. Sultanwind,1,1,1,1,259.8,10.0,Male,0,20,Private salaried job,Work,Shared E-Rickshaw,5.0,5,20,6,0,0,0,0,0,0,22000,0.3902286740029658,1,0,No,1,0.4634095580009886,0.4634095580009886
528,Majitha_Road,0,0,0,0,216.5,0.0,Female,1,22,Student,Education,Shared E-Rickshaw,5.0,15,10,5,10,200,0,0,0,0,0,1.0,1,0,No,0,0.6666666666666666,0.0
528,Majitha_Road,1,1,0,0,226.4546447258364,0.0,Female,1,22,Student,Education,Shared E-Rickshaw,5.0,15,10,5,10,200,0,0,0,0,0,1.0,1,0,No,0,0.6666666666666666,0.0
529,3. Bus stand,0,0,0,0,519.6,0.0,Female,1,24,Student,Education,Shared E-Rickshaw,5.0,30,20,6,5,100,1,0,0,1,0,1.0,0,0,Yes,0,0.3333333333333333,0.0
529,3. Bus stand,1,1,0,0,527.3210489135458,0.0,Female,1,24,Student,Education,Shared E-Rickshaw,5.0,30,20,6,5,100,1,0,0,1,0,1.0,0,0,Yes,0,0.3333333333333333,0.0
530,5. Ghee Mandi Chowk,0,0,0,0,519.6,0.0,Female,1,24,Private salaried job,Work,Shared E-Rickshaw,5.0,20,20,6,2,200,1,0,1,1,17000,0.5853430110044486,0,0,No,1,0.1951143370014828,0.0
530,5. Ghee Mandi Chowk,1,1,0,0,522.7096150992077,0.0,Female,1,24,Private salaried job,Work,Shared E-Rickshaw,5.0,20,20,6,2,200,1,0,1,1,17000,0.5853430110044486,0,0,No,1,0.1951143370014828,0.0
531,12. Majitha Road Bypass,0,0,0,0,1082.5,0.0,Male,0,25,Self-employed,Work,Shared E-Rickshaw,5.0,20,50,5,0,0,0,0,0,0,17914,0.5496761102005776,1,0,No,1,0.5165587034001925,0.0
531,12. Majitha Road Bypass,1,1,0,0,1089.376650491661,0.0,Male,0,25,Self-employed,Work,Shared E-Rickshaw,5.0,20,50,5,0,0,0,0,0,0,17914,0.5496761102005776,1,0,No,1,0.5165587034001925,0.0
532,23. Celebration Mall,0,0,1,0,433.0,0.0,Male,0,25,Self-employed,Shopping,Shared E-Rickshaw,5.0,20,20,5,5,100,1,0,2,1,17914,0.5496761102005776,0,0,No,1,0.1832253700668592,0.0
532,23. Celebration Mall,1,1,1,1,216.5,10.0,Male,0,25,Self-employed,Shopping,Shared E-Rickshaw,5.0,20,20,5,5,100,1,0,2,1,17914,0.5496761102005776,0,0,No,1,0.1832253700668592,0.1832253700668592
533,25. Golden Gate,0,0,0,0,259.8,0.0,Female,1,25,Homemaker,Work,Shared E-Rickshaw,5.0,20,10,6,5,100,1,0,1,1,0,1.0,0,0,No,0,0.3333333333333333,0.0
533,25. Golden Gate,1,1,0,0,263.6784169516365,0.0,Female,1,25,Homemaker,Work,Shared E-Rickshaw,5.0,20,10,6,5,100,1,0,1,1,0,1.0,0,0,No,0,0.3333333333333333,0.0
534,21. Vallah Bypass,0,0,0,0,64.95,0.0,Female,1,28,Homemaker,Recreational,Shared E-Rickshaw,5.0,20,15,1,10,100,0,0,0,0,0,1.0,1,0,Yes,0,0.6666666666666666,0.0
534,21. Vallah Bypass,1,1,0,0,71.35888634586159,0.0,Female,1,28,Homemaker,Recreational,Shared E-Rickshaw,5.0,20,15,1,10,100,0,0,0,0,0,1.0,1,0,Yes,0,0.6666666666666666,0.0
535,13. Mudhal Bypass,0,0,0,0,519.6,0.0,Female,1,30,Homemaker,Work,Shared E-Rickshaw,5.0,20,20,6,5,200,0,0,1,0,0,1.0,1,0,No,0,0.6666666666666666,0.0
535,13. Mudhal Bypass,1,1,0,0,519.7072764497568,0.0,Female,1,30,Homemaker,Work,Shared E-Rickshaw,5.0,20,20,6,5,200,0,0,1,0,0,1.0,1,0,No,0,0.6666666666666666,0.0
536,Chattarwind_Gate,0,0,0,0,259.8,0.0,Female,1,30,Self-employed,Work,Shared E-Rickshaw,5.0,10,10,6,5,50,0,0,0,0,6374,1.0,1,0,Yes,1,0.6666666666666666,0.0
536,Chattarwind_Gate,1,1,0,0,261.8905765860224,0.0,Female,1,30,Self-employed,Work,Shared E-Rickshaw,5.0,10,10,6,5,50,0,0,0,0,6374,1.0,1,0,Yes,1,0.6666666666666666,0.0
537,Chattarwind_Gate,0,0,0,0,519.6,0.0,Female,1,35,Homemaker,Health,Shared E-Rickshaw,5.0,30,20,6,10,150,0,0,1,0,0,1.0,1,0,No,0,0.6666666666666666,0.0
537,Chattarwind_Gate,1,1,0,0,524.8508830296727,0.0,Female,1,35,Homemaker,Health,Shared E-Rickshaw,5.0,30,20,6,10,150,0,0,1,0,0,1.0,1,0,No,0,0.6666666666666666,0.0
538,16. Ram Tirath Road,0,0,0,0,519.6,0.0,Female,1,22,Student,Education,Shared E-Rickshaw,6.0,15,20,6,0,50,0,0,1,0,0,1.0,1,0,Yes,0,0.6666666666666666,0.0
538,16. Ram Tirath Road,1,1,0,0,521.237513042583,0.0,Female,1,22,Student,Education,Shared E-Rickshaw,6.0,15,20,6,0,50,0,0,1,0,0,1.0,1,0,Yes,0,0.6666666666666666,0.0
539,14. Municipal Corporation,0,0,0,0,519.6,0.0,Male,0,24,Private salaried job,Work,Shared E-Rickshaw,6.0,15,20,6,5,200,1,0,0,1,22000,0.3902286740029658,0,0,Yes,1,0.1300762246676552,0.0
539,14. Municipal Corporation,1,1,0,0,521.2590686787654,0.0,Male,0,24,Private salaried job,Work,Shared E-Rickshaw,6.0,15,20,6,5,200,1,0,0,1,22000,0.3902286740029658,0,0,Yes,1,0.1300762246676552,0.0
540,16. Ram Tirath Road,0,0,0,0,519.6,0.0,Female,1,50,Self-employed,Work,Shared E-Rickshaw,6.0,20,20,6,5,100,2,0,1,2,6374,1.0,0,0,Yes,1,0.3333333333333333,0.0
540,16. Ram Tirath Road,1,1,0,0,527.9630429055024,0.0,Female,1,50,Self-employed,Work,Shared E-Rickshaw,6.0,20,20,6,5,100,2,0,1,2,6374,1.0,0,0,Yes,1,0.3333333333333333,0.0
541,16. Ram Tirath Road,0,0,0,0,519.6,0.0,Female,1,22,Student,Education,Shared E-Rickshaw,7.0,20,20,6,5,50,1,0,0,1,0,1.0,0,0,No,0,0.3333333333333333,0.0
541,16. Ram Tirath Road,1,1,0,0,529.4913300268361,0.0,Female,1,22,Student,Education,Shared E-Rickshaw,7.0,20,20,6,5,50,1,0,0,1,0,1.0,0,0,No,0,0.3333333333333333,0.0
542,31. Queens Road,0,0,0,0,779.4,0.0,Male,0,30,Private salaried job,Work,Shared E-Rickshaw,7.0,20,30,6,5,100,2,0,1,2,22000,0.3902286740029658,0,0,Yes,1,0.1300762246676552,0.0
542,31. Queens Road,1,1,0,0,784.9596942802845,0.0,Male,0,30,Private salaried job,Work,Shared E-Rickshaw,7.0,20,30,6,5,100,2,0,1,2,22000,0.3902286740029658,0,0,Yes,1,0.1300762246676552,0.0
543,18. Spring Dale,0,0,1,0,519.6,0.0,Male,0,18,Private salaried job,Work,Shared E-Rickshaw,8.0,20,20,6,2,100,1,0,2,1,22000,0.3902286740029658,0,0,Yes,1,0.1300762246676552,0.0
543,18. Spring Dale,1,1,1,1,389.7,15.0,Male,0,18,Private salaried job,Work,Shared E-Rickshaw,8.0,20,20,6,2,100,1,0,2,1,22000,0.3902286740029658,0,0,Yes,1,0.1300762246676552,0.1300762246676552
544,29. Kachehri Chowk,0,0,0,0,1212.4,0.0,Male,0,25,Private salaried job,Work,Shared E-Rickshaw,8.0,20,40,7,10,200,1,1,1,2,22000,0.3902286740029658,0,0,No,1,0.1300762246676552,0.0
544,29. Kachehri Chowk,1,1,0,0,1222.3032166432629,0.0,Male,0,25,Private salaried job,Work,Shared E-Rickshaw,8.0,20,40,7,10,200,1,1,1,2,22000,0.3902286740029658,0,0,No,1,0.1300762246676552,0.0
545,36. Verka Railway Station,0,0,0,0,519.6,0.0,Male,0,25,Self-employed,Work,Shared E-Rickshaw,8.0,40,20,6,0,0,0,0,1,0,17914,0.5496761102005776,1,0,Yes,1,0.5165587034001925,0.0
545,36. Verka Railway Station,1,1,0,0,521.0159588856877,0.0,Male,0,25,Self-employed,Work,Shared E-Rickshaw,8.0,40,20,6,0,0,0,0,1,0,17914,0.5496761102005776,1,0,Yes,1,0.5165587034001925,0.0
546,21. Vallah Bypass,0,0,0,0,86.6,0.0,Female,1,35,Homemaker,Shopping,Shared E-Rickshaw,8.0,30,20,1,25,200,0,0,0,0,0,1.0,1,0,Yes,0,0.6666666666666666,0.0
546,21. Vallah Bypass,1,1,0,0,91.08245613254353,0.0,Female,1,35,Homemaker,Shopping,Shared E-Rickshaw,8.0,30,20,1,25,200,0,0,0,0,0,1.0,1,0,Yes,0,0.6666666666666666,0.0
547,36. Verka Railway Station,0,0,0,0,433.0,0.0,Male,0,46,Unemployed,Work,Shared E-Rickshaw,8.0,30,20,5,5,50,1,0,0,1,0,1.0,0,0,No,0,0.3333333333333333,0.0
547,36. Verka Railway Station,1,1,0,0,436.9257271584192,0.0,Male,0,46,Unemployed,Work,Shared E-Rickshaw,8.0,30,20,5,5,50,1,0,0,1,0,1.0,0,0,No,0,0.3333333333333333,0.0
548,8. Hall Gate,0,0,0,0,519.6,0.0,Male,0,62,Self-employed,Work,Shared E-Rickshaw,8.0,15,20,6,0,0,0,0,0,0,17914,0.5496761102005776,1,1,No,1,0.8498920367335258,0.0
548,8. Hall Gate,1,1,0,0,520.4004928364619,0.0,Male,0,62,Self-employed,Work,Shared E-Rickshaw,8.0,15,20,6,0,0,0,0,0,0,17914,0.5496761102005776,1,1,No,1,0.8498920367335258,0.0
549,29. Kachehri Chowk,0,0,0,0,303.1,0.0,Female,1,45,Self-employed,Work,Shared E-Rickshaw,9.0,20,10,7,0,0,0,0,0,0,6374,1.0,1,0,No,1,0.6666666666666666,0.0
549,29. Kachehri Chowk,1,1,0,0,310.65330172794745,0.0,Female,1,45,Self-employed,Work,Shared E-Rickshaw,9.0,20,10,7,0,0,0,0,0,0,6374,1.0,1,0,No,1,0.6666666666666666,0.0
550,12. Majitha Road Bypass,0,0,0,0,519.6,0.0,Male,0,58,Self-employed,Work,Shared E-Rickshaw,9.0,30,20,6,0,0,0,0,0,0,17914,0.5496761102005776,1,0,No,1,0.5165587034001925,0.0
550,12. Majitha Road Bypass,1,1,0,0,523.9377902732259,0.0,Male,0,58,Self-employed,Work,Shared E-Rickshaw,9.0,30,20,6,0,0,0,0,0,0,17914,0.5496761102005776,1,0,No,1,0.5165587034001925,0.0
551,27. Hussainpura Chowk,0,0,0,0,173.2,0.0,Male,0,21,Private salaried job,Work,Shared E-Rickshaw,10.0,25,20,2,10,200,1,0,0,1,22000,0.3902286740029658,0,0,No,1,0.1300762246676552,0.0
551,27. Hussainpura Chowk,1,1,0,0,177.893269341904,0.0,Male,0,21,Private salaried job,Work,Shared E-Rickshaw,10.0,25,20,2,10,200,1,0,0,1,22000,0.3902286740029658,0,0,No,1,0.1300762246676552,0.0
552,2. Amritsar Engineering College,0,0,0,0,433.0,0.0,Male,0,25,Student,Education,Shared E-Rickshaw,10.0,25,20,5,20,0,1,0,1,1,0,1.0,0,0,No,0,0.3333333333333333,0.0
552,2. Amritsar Engineering College,1,1,0,0,434.5067297381324,0.0,Male,0,25,Student,Education,Shared E-Rickshaw,10.0,25,20,5,20,0,1,0,1,1,0,1.0,0,0,No,0,0.3333333333333333,0.0
553,12. Majitha Road Bypass,0,0,0,0,519.6,0.0,Male,0,45,Self-employed,Work,Shared E-Rickshaw,10.0,30,20,6,10,0,1,0,1,1,17914,0.5496761102005776,0,0,Yes,1,0.1832253700668592,0.0
553,12. Majitha Road Bypass,1,1,0,0,521.4092665223087,0.0,Male,0,45,Self-employed,Work,Shared E-Rickshaw,10.0,30,20,6,10,0,1,0,1,1,17914,0.5496761102005776,0,0,Yes,1,0.1832253700668592,0.0
554,17. Ratan Singh Chowk,0,0,1,0,909.3,0.0,Male,0,42,Self-employed,Work,Shared E-Rickshaw,12.0,15,30,7,0,0,0,0,1,0,17914,0.5496761102005776,1,0,No,1,0.5165587034001925,0.0
554,17. Ratan Singh Chowk,1,1,1,1,606.2,20.0,Male,0,42,Self-employed,Work,Shared E-Rickshaw,12.0,15,30,7,0,0,0,0,1,0,17914,0.5496761102005776,1,0,No,1,0.5165587034001925,0.5165587034001925
555,33. Tara Wala pul,0,0,1,0,259.8,0.0,Male,0,25,Self-employed,Work,Shared E-Rickshaw,15.0,25,30,2,0,500,1,0,0,1,17914,0.5496761102005776,0,0,No,1,0.1832253700668592,0.0
555,33. Tara Wala pul,1,1,1,1,173.2,20.0,Male,0,25,Self-employed,Work,Shared E-Rickshaw,15.0,25,30,2,0,500,1,0,0,1,17914,0.5496761102005776,0,0,No,1,0.1832253700668592,0.1832253700668592
556,3. Bus stand,0,0,0,0,140.18044444444445,0.0,Male,0,32,Self-employed,Work,Two Wheeler,1.0,5,0,6,0,0,1,1,1,2,17914,0.5496761102005776,0,0,Yes,1,0.1832253700668592,0.0
556,3. Bus stand,1,1,0,0,2.3285228494370624,0.0,Male,0,32,Self-employed,Work,Two Wheeler,1.0,5,0,6,0,0,1,1,1,2,17914,0.5496761102005776,0,0,Yes,1,0.1832253700668592,0.0
557,21. Vallah Bypass,0,0,0,0,163.54385185185185,0.0,Male,0,32,Self-employed,Work,Two Wheeler,1.0,5,0,7,0,0,5,0,1,5,17914,0.5496761102005776,0,0,No,1,0.1832253700668592,0.0
557,21. Vallah Bypass,1,1,0,0,2.920593303145284,0.0,Male,0,32,Self-employed,Work,Two Wheeler,1.0,5,0,7,0,0,5,0,1,5,17914,0.5496761102005776,0,0,No,1,0.1832253700668592,0.0
558,6. Gumtala Chowk,0,0,0,0,140.18044444444445,0.0,Female,1,35,Homemaker,Work,Two Wheeler,1.0,5,0,6,0,0,2,0,1,2,0,1.0,0,0,No,0,0.3333333333333333,0.0
558,6. Gumtala Chowk,1,1,0,0,4.901975424015864,0.0,Female,1,35,Homemaker,Work,Two Wheeler,1.0,5,0,6,0,0,2,0,1,2,0,1.0,0,0,No,0,0.3333333333333333,0.0
559,29. Kachehri Chowk,0,0,0,0,163.54385185185185,0.0,Male,0,38,Self-employed,Work,Two Wheeler,1.0,5,0,7,0,0,1,1,1,2,17914,0.5496761102005776,0,0,Yes,1,0.1832253700668592,0.0
559,29. Kachehri Chowk,1,1,0,0,5.864451730147959,0.0,Male,0,38,Self-employed,Work,Two Wheeler,1.0,5,0,7,0,0,1,1,1,2,17914,0.5496761102005776,0,0,Yes,1,0.1832253700668592,0.0
560,13. Mudhal Bypass,0,0,1,0,140.18044444444445,0.0,Male,0,40,Private salaried job,Work,Two Wheeler,1.0,5,0,6,0,0,2,0,1,2,22000,0.3902286740029658,0,0,Yes,1,0.1300762246676552,0.0
560,13. Mudhal Bypass,1,1,1,1,129.9,5.0,Male,0,40,Private salaried job,Work,Two Wheeler,1.0,5,0,6,0,0,2,0,1,2,22000,0.3902286740029658,0,0,Yes,1,0.1300762246676552,0.1300762246676552
561,12. Majitha Road Bypass,0,0,0,0,163.54385185185185,0.0,Male,0,43,Self-employed,Work,Two Wheeler,1.0,5,0,7,0,0,1,0,0,1,17914,0.5496761102005776,0,0,No,1,0.1832253700668592,0.0
561,12. Majitha Road Bypass,1,1,0,0,0.8411533455688203,0.0,Male,0,43,Self-employed,Work,Two Wheeler,1.0,5,0,7,0,0,1,0,0,1,17914,0.5496761102005776,0,0,No,1,0.1832253700668592,0.0
562,7. Guru Ram Das Charitable Hospital,0,0,0,0,163.54385185185185,0.0,Male,0,44,Self-employed,Work,Two Wheeler,1.0,7,0,7,0,0,1,0,0,1,17914,0.5496761102005776,0,0,No,1,0.1832253700668592,0.0
562,7. Guru Ram Das Charitable Hospital,1,1,0,0,2.4366745405571355,0.0,Male,0,44,Self-employed,Work,Two Wheeler,1.0,7,0,7,0,0,1,0,0,1,17914,0.5496761102005776,0,0,No,1,0.1832253700668592,0.0
563,3. Bus stand,0,0,0,0,140.18044444444445,0.0,Male,0,45,Private salaried job,Work,Two Wheeler,1.0,15,0,6,0,0,1,0,0,1,22000,0.3902286740029658,0,0,Yes,1,0.1300762246676552,0.0
563,3. Bus stand,1,1,0,0,8.435883847625412,0.0,Male,0,45,Private salaried job,Work,Two Wheeler,1.0,15,0,6,0,0,1,0,0,1,22000,0.3902286740029658,0,0,Yes,1,0.1300762246676552,0.0
564,19. Sultanwind,0,0,0,0,163.54385185185185,0.0,Male,0,50,Self-employed,Work,Two Wheeler,1.0,10,0,7,0,0,1,0,1,1,17914,0.5496761102005776,0,0,Yes,1,0.1832253700668592,0.0
564,19. Sultanwind,1,1,0,0,6.375887004784591,0.0,Male,0,50,Self-employed,Work,Two Wheeler,1.0,10,0,7,0,0,1,0,1,1,17914,0.5496761102005776,0,0,Yes,1,0.1832253700668592,0.0
565,22. 100 feet raod,0,0,0,0,175.22555555555556,0.0,Male,0,18,Private salaried job,Work,Two Wheeler,1.5,5,0,5,0,0,1,0,1,1,22000,0.3902286740029658,0,0,Yes,1,0.1300762246676552,0.0
565,22. 100 feet raod,1,1,0,0,6.491490501342744,0.0,Male,0,18,Private salaried job,Work,Two Wheeler,1.5,5,0,5,0,0,1,0,1,1,22000,0.3902286740029658,0,0,Yes,1,0.1300762246676552,0.0
566,23. Celebration Mall,0,0,1,0,210.27066666666667,0.0,Male,0,30,Private salaried job,Work,Two Wheeler,1.5,10,0,6,0,0,1,1,2,2,22000,0.3902286740029658,0,0,Yes,1,0.1300762246676552,0.0
566,23. Celebration Mall,1,1,1,1,129.9,5.0,Male,0,30,Private salaried job,Work,Two Wheeler,1.5,10,0,6,0,0,1,1,2,2,22000,0.3902286740029658,0,0,Yes,1,0.1300762246676552,0.1300762246676552
567,Majitha_Road,0,0,0,0,210.27066666666667,0.0,Male,0,38,Self-employed,Work,Two Wheeler,1.5,5,0,6,0,0,2,2,0,4,17914,0.5496761102005776,0,0,No,1,0.1832253700668592,0.0
567,Majitha_Road,1,1,0,0,7.629030190395291,0.0,Male,0,38,Self-employed,Work,Two Wheeler,1.5,5,0,6,0,0,2,2,0,4,17914,0.5496761102005776,0,0,No,1,0.1832253700668592,0.0
568,7. Guru Ram Das Charitable Hospital,0,0,0,0,210.27066666666667,0.0,Male,0,69,Private salaried job,Work,Two Wheeler,1.5,15,0,6,0,0,1,0,0,1,22000,0.3902286740029658,0,1,No,1,0.4634095580009886,0.0
568,7. Guru Ram Das Charitable Hospital,1,1,0,0,0.5810848172144734,0.0,Male,0,69,Private salaried job,Work,Two Wheeler,1.5,15,0,6,0,0,1,0,0,1,22000,0.3902286740029658,0,1,No,1,0.4634095580009886,0.0
569,31. Queens Road,0,0,0,0,280.3608888888889,0.0,Female,1,16,Student,Education,Two Wheeler,2.0,10,0,6,0,0,2,0,1,2,0,1.0,0,0,No,0,0.3333333333333333,0.0
569,31. Queens Road,1,1,0,0,3.666083849326124,0.0,Female,1,16,Student,Education,Two Wheeler,2.0,10,0,6,0,0,2,0,1,2,0,1.0,0,0,No,0,0.3333333333333333,0.0
570,16. Ram Tirath Road,0,0,0,0,280.3608888888889,0.0,Male,0,20,Self-employed,Work,Two Wheeler,2.0,15,0,6,0,0,2,1,1,3,17914,0.5496761102005776,0,0,Yes,1,0.1832253700668592,0.0
570,16. Ram Tirath Road,1,1,0,0,5.395274352616787,0.0,Male,0,20,Self-employed,Work,Two Wheeler,2.0,15,0,6,0,0,2,1,1,3,17914,0.5496761102005776,0,0,Yes,1,0.1832253700668592,0.0
571,32. Railway Station,0,0,0,0,93.45362962962963,0.0,Male,0,28,Homemaker,Health,Two Wheeler,2.0,15,0,2,0,0,1,0,0,1,0,1.0,0,0,No,0,0.3333333333333333,0.0
571,32. Railway Station,1,1,0,0,3.3845648329732603,0.0,Male,0,28,Homemaker,Health,Two Wheeler,2.0,15,0,2,0,0,1,0,0,1,0,1.0,0,0,No,0,0.3333333333333333,0.0
572,16. Ram Tirath Road,0,0,0,0,93.45362962962963,0.0,Female,1,30,Homemaker,Work,Two Wheeler,2.0,10,0,2,0,0,2,1,0,3,0,1.0,0,0,Yes,0,0.3333333333333333,0.0
572,16. Ram Tirath Road,1,1,0,0,8.444788732871865,0.0,Female,1,30,Homemaker,Work,Two Wheeler,2.0,10,0,2,0,0,2,1,0,3,0,1.0,0,0,Yes,0,0.3333333333333333,0.0
573,35. Verka Bypass,0,0,0,0,280.3608888888889,0.0,Male,0,32,Private salaried job,Work,Two Wheeler,2.0,5,0,6,0,0,1,0,0,1,22000,0.3902286740029658,0,0,Yes,1,0.1300762246676552,0.0
573,35. Verka Bypass,1,1,0,0,4.825725085872939,0.0,Male,0,32,Private salaried job,Work,Two Wheeler,2.0,5,0,6,0,0,1,0,0,1,22000,0.3902286740029658,0,0,Yes,1,0.1300762246676552,0.0
574,10. Kot Man Singh,0,0,0,0,280.3608888888889,0.0,Male,0,40,Private salaried job,Work,Two Wheeler,2.0,5,0,6,0,0,1,0,0,1,22000,0.3902286740029658,0,0,Yes,1,0.1300762246676552,0.0
574,10. Kot Man Singh,1,1,0,0,7.686275894593791,0.0,Male,0,40,Private salaried job,Work,Two Wheeler,2.0,5,0,6,0,0,1,0,0,1,22000,0.3902286740029658,0,0,Yes,1,0.1300762246676552,0.0
575,7. Guru Ram Das Charitable Hospital,0,0,0,0,280.3608888888889,0.0,Male,0,40,Self-employed,Work,Two Wheeler,2.0,10,0,6,0,0,1,0,0,1,17914,0.5496761102005776,0,0,Yes,1,0.1832253700668592,0.0
575,7. Guru Ram Das Charitable Hospital,1,1,0,0,8.52015516881169,0.0,Male,0,40,Self-employed,Work,Two Wheeler,2.0,10,0,6,0,0,1,0,0,1,17914,0.5496761102005776,0,0,Yes,1,0.1832253700668592,0.0
576,20. Sultanwind gate,0,0,1,0,280.3608888888889,0.0,Male,0,40,Self-employed,Work,Two Wheeler,2.0,10,0,6,0,0,1,0,0,1,17914,0.5496761102005776,0,0,No,1,0.1832253700668592,0.0
576,20. Sultanwind gate,1,1,1,1,129.9,5.0,Male,0,40,Self-employed,Work,Two Wheeler,2.0,10,0,6,0,0,1,0,0,1,17914,0.5496761102005776,0,0,No,1,0.1832253700668592,0.1832253700668592
577,17. Ratan Singh Chowk,0,0,0,0,280.3608888888889,0.0,Male,0,45,Self-employed,Work,Two Wheeler,2.0,7,0,6,0,0,1,0,1,1,17914,0.5496761102005776,0,0,No,1,0.1832253700668592,0.0
577,17. Ratan Singh Chowk,1,1,0,0,9.095522438713498,0.0,Male,0,45,Self-employed,Work,Two Wheeler,2.0,7,0,6,0,0,1,0,1,1,17914,0.5496761102005776,0,0,No,1,0.1832253700668592,0.0
578,23. Celebration Mall,0,0,0,0,280.3608888888889,0.0,Male,0,45,Self-employed,Work,Two Wheeler,2.0,10,0,6,0,0,2,0,1,2,17914,0.5496761102005776,0,0,Yes,1,0.1832253700668592,0.0
578,23. Celebration Mall,1,1,0,0,5.871239405369806,0.0,Male,0,45,Self-employed,Work,Two Wheeler,2.0,10,0,6,0,0,2,0,1,2,17914,0.5496761102005776,0,0,Yes,1,0.1832253700668592,0.0
579,7. Guru Ram Das Charitable Hospital,0,0,0,0,327.0877037037037,0.0,Male,0,58,Self-employed,Work,Two Wheeler,2.0,10,0,7,0,0,1,0,1,1,17914,0.5496761102005776,0,0,Yes,1,0.1832253700668592,0.0
579,7. Guru Ram Das Charitable Hospital,1,1,0,0,8.502742988337218,0.0,Male,0,58,Self-employed,Work,Two Wheeler,2.0,10,0,7,0,0,1,0,1,1,17914,0.5496761102005776,0,0,Yes,1,0.1832253700668592,0.0
580,7. Guru Ram Das Charitable Hospital,0,0,0,0,327.0877037037037,0.0,Male,0,60,Private salaried job,Work,Two Wheeler,2.0,30,0,7,0,0,0,0,1,0,22000,0.3902286740029658,1,1,No,1,0.796742891334322,0.0
580,7. Guru Ram Das Charitable Hospital,1,1,0,0,3.405907955915243,0.0,Male,0,60,Private salaried job,Work,Two Wheeler,2.0,30,0,7,0,0,0,0,1,0,22000,0.3902286740029658,1,1,No,1,0.796742891334322,0.0
581,8. Hall Gate,0,0,0,0,280.3608888888889,0.0,Male,0,62,Private salaried job,Work,Two Wheeler,2.0,15,0,6,0,0,1,0,1,1,22000,0.3902286740029658,0,1,No,1,0.4634095580009886,0.0
581,8. Hall Gate,1,1,0,0,4.988169585314852,0.0,Male,0,62,Private salaried job,Work,Two Wheeler,2.0,15,0,6,0,0,1,0,1,1,22000,0.3902286740029658,0,1,No,1,0.4634095580009886,0.0
582,28. India Gate,0,0,0,0,292.0425925925926,0.0,Male,0,22,Unemployed,Shopping,Two Wheeler,2.5,10,0,5,0,0,1,0,1,1,0,1.0,0,0,Yes,0,0.3333333333333333,0.0
582,28. India Gate,1,1,0,0,5.314110410045777,0.0,Male,0,22,Unemployed,Shopping,Two Wheeler,2.5,10,0,5,0,0,1,0,1,1,0,1.0,0,0,Yes,0,0.3333333333333333,0.0
583,28. India Gate,0,0,0,0,420.54133333333334,0.0,Male,0,20,Student,Shopping,Two Wheeler,3.0,7,0,6,0,0,3,1,1,4,0,1.0,0,0,No,0,0.3333333333333333,0.0
583,28. India Gate,1,1,0,0,1.0497971589607058,0.0,Male,0,20,Student,Shopping,Two Wheeler,3.0,7,0,6,0,0,3,1,1,4,0,1.0,0,0,No,0,0.3333333333333333,0.0
584,32. Railway Station,0,0,0,0,420.54133333333334,0.0,Female,1,22,Student,Education,Two Wheeler,3.0,20,0,6,0,0,1,0,0,1,0,1.0,0,0,No,0,0.3333333333333333,0.0
584,32. Railway Station,1,1,0,0,3.985525067015407,0.0,Female,1,22,Student,Education,Two Wheeler,3.0,20,0,6,0,0,1,0,0,1,0,1.0,0,0,No,0,0.3333333333333333,0.0
585,13. Mudhal Bypass,0,0,1,0,420.54133333333334,0.0,Male,0,25,Private salaried job,Work,Two Wheeler,3.0,10,0,6,0,0,1,0,1,1,22000,0.3902286740029658,0,0,Yes,1,0.1300762246676552,0.0
585,13. Mudhal Bypass,1,1,1,1,129.9,5.0,Male,0,25,Private salaried job,Work,Two Wheeler,3.0,10,0,6,0,0,1,0,1,1,22000,0.3902286740029658,0,0,Yes,1,0.1300762246676552,0.1300762246676552
586,20. Sultanwind gate,0,0,0,0,210.27066666666667,0.0,Female,1,30,Homemaker,Health,Two Wheeler,3.0,15,0,3,0,0,2,0,0,2,0,1.0,0,0,No,0,0.3333333333333333,0.0
586,20. Sultanwind gate,1,1,0,0,6.308322403647424,0.0,Female,1,30,Homemaker,Health,Two Wheeler,3.0,15,0,3,0,0,2,0,0,2,0,1.0,0,0,No,0,0.3333333333333333,0.0
587,12. Majitha Road Bypass,0,0,0,0,490.63155555555556,0.0,Male,0,30,Private salaried job,Work,Two Wheeler,3.0,30,0,7,0,0,1,1,0,2,22000,0.3902286740029658,0,0,No,1,0.1300762246676552,0.0
587,12. Majitha Road Bypass,1,1,0,0,1.7750658243696749,0.0,Male,0,30,Private salaried job,Work,Two Wheeler,3.0,30,0,7,0,0,1,1,0,2,22000,0.3902286740029658,0,0,No,1,0.1300762246676552,0.0
588,23. Celebration Mall,0,0,1,0,420.54133333333334,0.0,Male,0,40,Private salaried job,Work,Two Wheeler,3.0,15,0,6,0,0,2,1,2,3,22000,0.3902286740029658,0,0,Yes,1,0.1300762246676552,0.0
588,23. Celebration Mall,1,1,1,1,129.9,5.0,Male,0,40,Private salaried job,Work,Two Wheeler,3.0,15,0,6,0,0,2,1,2,3,22000,0.3902286740029658,0,0,Yes,1,0.1300762246676552,0.1300762246676552
589,31. Queens Road,0,0,0,0,420.54133333333334,0.0,Male,0,45,Private salaried job,Work,Two Wheeler,3.0,20,0,6,0,0,2,0,1,2,22000,0.3902286740029658,0,0,Yes,1,0.1300762246676552,0.0
589,31. Queens Road,1,1,0,0,1.9160300966269983,0.0,Male,0,45,Private salaried job,Work,Two Wheeler,3.0,20,0,6,0,0,2,0,1,2,22000,0.3902286740029658,0,0,Yes,1,0.1300762246676552,0.0
590,30. Novelty Chowk,0,0,0,0,210.27066666666667,0.0,Male,0,48,Self-employed,Work,Two Wheeler,3.0,15,0,3,0,0,1,0,1,1,17914,0.5496761102005776,0,0,Yes,1,0.1832253700668592,0.0
590,30. Novelty Chowk,1,1,0,0,0.2482313179857254,0.0,Male,0,48,Self-employed,Work,Two Wheeler,3.0,15,0,3,0,0,1,0,1,1,17914,0.5496761102005776,0,0,Yes,1,0.1832253700668592,0.0
591,29. Kachehri Chowk,0,0,0,0,560.7217777777778,0.0,Male,0,23,Private salaried job,Work,Two Wheeler,4.0,15,0,6,0,0,1,0,0,1,22000,0.3902286740029658,0,0,Yes,1,0.1300762246676552,0.0
591,29. Kachehri Chowk,1,1,0,0,9.274604585040269,0.0,Male,0,23,Private salaried job,Work,Two Wheeler,4.0,15,0,6,0,0,1,0,0,1,22000,0.3902286740029658,0,0,Yes,1,0.1300762246676552,0.0
592,17. Ratan Singh Chowk,0,0,0,0,654.1754074074074,0.0,Male,0,24,Self-employed,Work,Two Wheeler,4.0,15,0,7,0,0,1,0,0,1,17914,0.5496761102005776,0,0,Yes,1,0.1832253700668592,0.0
592,17. Ratan Singh Chowk,1,1,0,0,4.482073282568715,0.0,Male,0,24,Self-employed,Work,Two Wheeler,4.0,15,0,7,0,0,1,0,0,1,17914,0.5496761102005776,0,0,Yes,1,0.1832253700668592,0.0
593,33. Tara Wala pul,0,0,0,0,560.7217777777778,0.0,Male,0,38,Private salaried job,Work,Two Wheeler,4.0,10,0,6,0,0,2,0,0,2,22000,0.3902286740029658,0,0,No,1,0.1300762246676552,0.0
593,33. Tara Wala pul,1,1,0,0,3.075350724207861,0.0,Male,0,38,Private salaried job,Work,Two Wheeler,4.0,10,0,6,0,0,2,0,0,2,22000,0.3902286740029658,0,0,No,1,0.1300762246676552,0.0
594,26. Guru Harkrishan School,0,0,0,0,560.7217777777778,0.0,Male,0,44,Private salaried job,Work,Two Wheeler,4.0,5,0,6,0,0,1,0,0,1,22000,0.3902286740029658,0,0,Yes,1,0.1300762246676552,0.0
594,26. Guru Harkrishan School,1,1,0,0,5.984771915577366,0.0,Male,0,44,Private salaried job,Work,Two Wheeler,4.0,5,0,6,0,0,1,0,0,1,22000,0.3902286740029658,0,0,Yes,1,0.1300762246676552,0.0
595,5. Ghee Mandi Chowk,0,0,0,0,560.7217777777778,0.0,Male,0,48,Self-employed,Work,Two Wheeler,4.0,10,0,6,0,0,1,0,0,1,17914,0.5496761102005776,0,0,No,1,0.1832253700668592,0.0
595,5. Ghee Mandi Chowk,1,1,0,0,0.0731445629301563,0.0,Male,0,48,Self-employed,Work,Two Wheeler,4.0,10,0,6,0,0,1,0,0,1,17914,0.5496761102005776,0,0,No,1,0.1832253700668592,0.0
596,8. Hall Gate,0,0,0,0,560.7217777777778,0.0,Male,0,51,Self-employed,Work,Two Wheeler,4.0,30,0,6,0,0,1,0,0,1,17914,0.5496761102005776,0,0,No,1,0.1832253700668592,0.0
596,8. Hall Gate,1,1,0,0,2.7802210660081386,0.0,Male,0,51,Self-employed,Work,Two Wheeler,4.0,30,0,6,0,0,1,0,0,1,17914,0.5496761102005776,0,0,No,1,0.1832253700668592,0.0
597,17. Ratan Singh Chowk,0,0,0,0,560.7217777777778,0.0,Male,0,54,Self-employed,Work,Two Wheeler,4.0,10,0,6,0,0,1,0,0,1,17914,0.5496761102005776,0,0,No,1,0.1832253700668592,0.0
597,17. Ratan Singh Chowk,1,1,0,0,7.030334656988925,0.0,Male,0,54,Self-employed,Work,Two Wheeler,4.0,10,0,6,0,0,1,0,0,1,17914,0.5496761102005776,0,0,No,1,0.1832253700668592,0.0
598,24. GNDU,0,0,0,0,584.0851851851852,0.0,Female,1,22,Student,Education,Two Wheeler,5.0,15,0,5,0,0,2,0,0,2,0,1.0,0,0,Yes,0,0.3333333333333333,0.0
598,24. GNDU,1,1,0,0,6.337697730692629,0.0,Female,1,22,Student,Education,Two Wheeler,5.0,15,0,5,0,0,2,0,0,2,0,1.0,0,0,Yes,0,0.3333333333333333,0.0
599,29. Kachehri Chowk,0,0,0,0,700.9022222222222,0.0,Male,0,25,Self-employed,Work,Two Wheeler,5.0,20,0,6,0,0,2,0,0,2,17914,0.5496761102005776,0,0,No,1,0.1832253700668592,0.0
599,29. Kachehri Chowk,1,1,0,0,9.818059475425354,0.0,Male,0,25,Self-employed,Work,Two Wheeler,5.0,20,0,6,0,0,2,0,0,2,17914,0.5496761102005776,0,0,No,1,0.1832253700668592,0.0
600,26. Guru Harkrishan School,0,0,0,0,700.9022222222222,0.0,Male,0,27,Private salaried job,Work,Two Wheeler,5.0,10,0,6,0,0,1,0,0,1,22000,0.3902286740029658,0,0,Yes,1,0.1300762246676552,0.0
600,26. Guru Harkrishan School,1,1,0,0,6.203577096580441,0.0,Male,0,27,Private salaried job,Work,Two Wheeler,5.0,10,0,6,0,0,1,0,0,1,22000,0.3902286740029658,0,0,Yes,1,0.1300762246676552,0.0
601,36. Verka Railway Station,0,0,0,0,467.2681481481481,0.0,Female,1,30,Homemaker,Work,Two Wheeler,5.0,10,0,4,0,0,1,0,0,1,0,1.0,0,0,No,0,0.3333333333333333,0.0
601,36. Verka Railway Station,1,1,0,0,4.775058736277328,0.0,Female,1,30,Homemaker,Work,Two Wheeler,5.0,10,0,4,0,0,1,0,0,1,0,1.0,0,0,No,0,0.3333333333333333,0.0
602,13. Mudhal Bypass,0,0,0,0,350.4511111111111,0.0,Female,1,30,Homemaker,Health,Two Wheeler,5.0,10,0,3,0,100,1,0,0,1,0,1.0,0,0,Yes,0,0.3333333333333333,0.0
602,13. Mudhal Bypass,1,1,0,0,7.614325631840076,0.0,Female,1,30,Homemaker,Health,Two Wheeler,5.0,10,0,3,0,100,1,0,0,1,0,1.0,0,0,Yes,0,0.3333333333333333,0.0
603,20. Sultanwind gate,0,0,0,0,467.2681481481481,0.0,Male,0,35,Self-employed,Shopping,Two Wheeler,5.0,20,0,4,0,0,1,1,2,2,17914,0.5496761102005776,0,0,No,1,0.1832253700668592,0.0
603,20. Sultanwind gate,1,1,0,0,9.033278719640531,0.0,Male,0,35,Self-employed,Shopping,Two Wheeler,5.0,20,0,4,0,0,1,1,2,2,17914,0.5496761102005776,0,0,No,1,0.1832253700668592,0.0
604,31. Queens Road,0,0,0,0,700.9022222222222,0.0,Male,0,40,Self-employed,Work,Two Wheeler,5.0,20,0,6,0,0,2,1,2,3,17914,0.5496761102005776,0,0,Yes,1,0.1832253700668592,0.0
604,31. Queens Road,1,1,0,0,7.206959467183516,0.0,Male,0,40,Self-employed,Work,Two Wheeler,5.0,20,0,6,0,0,2,1,2,3,17914,0.5496761102005776,0,0,Yes,1,0.1832253700668592,0.0
605,19. Sultanwind,0,0,0,0,700.9022222222222,0.0,Male,0,50,Self-employed,Work,Two Wheeler,5.0,15,0,6,0,0,3,0,1,3,17914,0.5496761102005776,0,0,Yes,1,0.1832253700668592,0.0
605,19. Sultanwind,1,1,0,0,9.632112235493796,0.0,Male,0,50,Self-employed,Work,Two Wheeler,5.0,15,0,6,0,0,3,0,1,3,17914,0.5496761102005776,0,0,Yes,1,0.1832253700668592,0.0
606,19. Sultanwind,0,0,1,0,841.0826666666667,0.0,Male,0,53,Private salaried job,Work,Two Wheeler,6.0,30,0,6,0,0,1,0,1,1,22000,0.3902286740029658,0,0,Yes,1,0.1300762246676552,0.0
606,19. Sultanwind,1,1,1,1,259.8,10.0,Male,0,53,Private salaried job,Work,Two Wheeler,6.0,30,0,6,0,0,1,0,1,1,22000,0.3902286740029658,0,0,Yes,1,0.1300762246676552,0.1300762246676552
607,18. Spring Dale,0,0,0,0,981.2631111111111,0.0,Male,0,56,Government salaried job,Work,Two Wheeler,6.0,10,0,7,0,0,2,1,0,3,32000,0.0,0,0,Yes,1,0.0,0.0
607,18. Spring Dale,1,1,0,0,8.668014382619265,0.0,Male,0,56,Government salaried job,Work,Two Wheeler,6.0,10,0,7,0,0,2,1,0,3,32000,0.0,0,0,Yes,1,0.0,0.0
608,25. Golden Gate,0,0,0,0,981.2631111111111,0.0,Female,1,22,Student,Education,Two Wheeler,7.0,15,0,6,0,0,1,0,0,1,0,1.0,0,0,No,0,0.3333333333333333,0.0
608,25. Golden Gate,1,1,0,0,1.141040711836372,0.0,Female,1,22,Student,Education,Two Wheeler,7.0,15,0,6,0,0,1,0,0,1,0,1.0,0,0,No,0,0.3333333333333333,0.0
609,25. Golden Gate,0,0,0,0,981.2631111111111,0.0,Male,0,22,Self-employed,Work,Two Wheeler,7.0,15,0,6,0,0,1,0,0,1,17914,0.5496761102005776,0,0,No,1,0.1832253700668592,0.0
609,25. Golden Gate,1,1,0,0,7.324135029937877,0.0,Male,0,22,Self-employed,Work,Two Wheeler,7.0,15,0,6,0,0,1,0,0,1,17914,0.5496761102005776,0,0,No,1,0.1832253700668592,0.0
610,Chattarwind_Gate,0,0,0,0,1144.8069629629629,0.0,Male,0,34,Private salaried job,Work,Two Wheeler,7.0,10,0,7,0,0,1,0,0,1,22000,0.3902286740029658,0,0,Yes,1,0.1300762246676552,0.0
610,Chattarwind_Gate,1,1,0,0,4.400886995273686,0.0,Male,0,34,Private salaried job,Work,Two Wheeler,7.0,10,0,7,0,0,1,0,0,1,22000,0.3902286740029658,0,0,Yes,1,0.1300762246676552,0.0
611,36. Verka Railway Station,0,0,1,0,1144.8069629629629,0.0,Male,0,35,Self-employed,Work,Two Wheeler,7.0,30,0,7,0,0,1,0,1,1,17914,0.5496761102005776,0,0,Yes,1,0.1832253700668592,0.0
611,36. Verka Railway Station,1,1,1,1,454.65,15.0,Male,0,35,Self-employed,Work,Two Wheeler,7.0,30,0,7,0,0,1,0,1,1,17914,0.5496761102005776,0,0,Yes,1,0.1832253700668592,0.1832253700668592
612,24. GNDU,0,0,0,0,934.5362962962962,0.0,Female,1,21,Student,Education,Two Wheeler,8.0,25,0,5,0,0,2,1,0,3,0,1.0,0,0,Yes,0,0.3333333333333333,0.0
612,24. GNDU,1,1,0,0,6.541024094823568,0.0,Female,1,21,Student,Education,Two Wheeler,8.0,25,0,5,0,0,2,1,0,3,0,1.0,0,0,Yes,0,0.3333333333333333,0.0
613,3. Bus stand,0,0,0,0,373.8145185185185,0.0,Female,1,22,Homemaker,Health,Two Wheeler,8.0,20,0,2,0,0,1,0,0,1,0,1.0,0,0,No,0,0.3333333333333333,0.0
613,3. Bus stand,1,1,0,0,9.698151167055697,0.0,Female,1,22,Homemaker,Health,Two Wheeler,8.0,20,0,2,0,0,1,0,0,1,0,1.0,0,0,No,0,0.3333333333333333,0.0
614,34. Valmiki Chowk,0,0,0,0,186.90725925925926,0.0,Male,0,27,Self-employed,Work,Two Wheeler,8.0,30,0,1,0,0,1,0,2,1,17914,0.5496761102005776,0,0,Yes,1,0.1832253700668592,0.0
614,34. Valmiki Chowk,1,1,0,0,9.845780814316246,0.0,Male,0,27,Self-employed,Work,Two Wheeler,8.0,30,0,1,0,0,1,0,2,1,17914,0.5496761102005776,0,0,Yes,1,0.1832253700668592,0.0
615,32. Railway Station,0,0,0,0,1121.4435555555556,0.0,Male,0,32,Self-employed,Work,Two Wheeler,8.0,15,0,6,0,0,1,0,1,1,17914,0.5496761102005776,0,0,No,1,0.1832253700668592,0.0
615,32. Railway Station,1,1,0,0,2.8822824548790527,0.0,Male,0,32,Self-employed,Work,Two Wheeler,8.0,15,0,6,0,0,1,0,1,1,17914,0.5496761102005776,0,0,No,1,0.1832253700668592,0.0
616,34. Valmiki Chowk,0,0,0,0,1471.8946666666666,0.0,Male,0,23,Self-employed,Work,Two Wheeler,9.0,10,0,7,0,0,2,0,1,2,17914,0.5496761102005776,0,0,Yes,1,0.1832253700668592,0.0
616,34. Valmiki Chowk,1,1,0,0,7.337534974379162,0.0,Male,0,23,Self-employed,Work,Two Wheeler,9.0,10,0,7,0,0,2,0,1,2,17914,0.5496761102005776,0,0,Yes,1,0.1832253700668592,0.0
617,35. Verka Bypass,0,0,0,0,1635.4385185185185,0.0,Male,0,32,Self-employed,Recreational,Two Wheeler,10.0,10,0,7,0,0,1,1,0,2,17914,0.5496761102005776,0,0,Yes,1,0.1832253700668592,0.0
617,35. Verka Bypass,1,1,0,0,7.499835379352686,0.0,Male,0,32,Self-employed,Recreational,Two Wheeler,10.0,10,0,7,0,0,1,1,0,2,17914,0.5496761102005776,0,0,Yes,1,0.1832253700668592,0.0
618,12. Majitha Road Bypass,0,0,1,0,1798.9823703703703,0.0,Female,1,32,Self-employed,Work,Two Wheeler,11.0,10,0,7,0,0,3,0,0,3,6374,1.0,0,0,No,1,0.3333333333333333,0.0
618,12. Majitha Road Bypass,1,1,1,1,606.2,20.0,Female,1,32,Self-employed,Work,Two Wheeler,11.0,10,0,7,0,0,3,0,0,3,6374,1.0,0,0,No,1,0.3333333333333333,0.3333333333333333
619,6. Gumtala Chowk,0,0,0,0,1682.1653333333334,0.0,Male,0,35,Self-employed,Work,Two Wheeler,12.0,30,0,6,0,0,2,0,0,2,17914,0.5496761102005776,0,0,Yes,1,0.1832253700668592,0.0
619,6. Gumtala Chowk,1,1,0,0,1.2386977486422102,0.0,Male,0,35,Self-employed,Work,Two Wheeler,12.0,30,0,6,0,0,2,0,0,2,17914,0.5496761102005776,0,0,Yes,1,0.1832253700668592,0.0
620,14. Municipal Corporation,0,0,1,0,2453.1577777777775,0.0,Male,0,30,Private salaried job,Work,Two Wheeler,15.0,30,0,7,0,0,1,0,1,1,22000,0.3902286740029658,0,0,Yes,1,0.1300762246676552,0.0
620,14. Municipal Corporation,1,1,1,1,606.2,20.0,Male,0,30,Private salaried job,Work,Two Wheeler,15.0,30,0,7,0,0,1,0,1,1,22000,0.3902286740029658,0,0,Yes,1,0.1300762246676552,0.1300762246676552
621,12. Majitha Road Bypass,0,0,1,0,2242.887111111111,0.0,Male,0,25,Self-employed,Work,Two Wheeler,16.0,30,0,6,0,0,2,0,0,2,17914,0.5496761102005776,0,0,No,1,0.1832253700668592,0.0
621,12. Majitha Road Bypass,1,1,1,1,649.5,25.0,Male,0,25,Self-employed,Work,Two Wheeler,16.0,30,0,6,0,0,2,0,0,2,17914,0.5496761102005776,0,0,No,1,0.1832253700668592,0.1832253700668592
622,12. Majitha Road Bypass,0,0,0,0,2242.887111111111,0.0,Male,0,45,Government salaried job,Work,Two Wheeler,16.0,25,0,6,0,0,1,0,0,1,32000,0.0,0,0,No,1,0.0,0.0
622,12. Majitha Road Bypass,1,1,0,0,4.896997418169059,0.0,Male,0,45,Government salaried job,Work,Two Wheeler,16.0,25,0,6,0,0,1,0,0,1,32000,0.0,0,0,No,1,0.0,0.0
623,25. Golden Gate,0,0,0,0,259.8,0.0,Female,1,40,Private salaried job,Work,Shared Autorickshaw,1.0,10,10,6,5,100,1,0,2,1,17000,0.5853430110044486,0,0,Yes,1,0.1951143370014828,0.0
623,25. Golden Gate,1,1,0,0,269.65540169494926,0.0,Female,1,40,Private salaried job,Work,Shared Autorickshaw,1.0,10,10,6,5,100,1,0,2,1,17000,0.5853430110044486,0,0,Yes,1,0.1951143370014828,0.0
624,6. Gumtala Chowk,0,0,1,0,259.8,0.0,Female,1,60,Homemaker,Health,Shared Autorickshaw,1.0,10,20,3,5,100,1,0,1,1,0,1.0,0,1,No,0,0.6666666666666666,0.0
624,6. Gumtala Chowk,1,1,1,1,64.95,5.0,Female,1,60,Homemaker,Health,Shared Autorickshaw,1.0,10,20,3,5,100,1,0,1,1,0,1.0,0,1,No,0,0.6666666666666666,0.6666666666666666
625,13. Mudhal Bypass,0,0,0,0,86.6,0.0,Female,1,60,Homemaker,Health,Shared Autorickshaw,1.0,10,10,2,5,100,1,0,1,1,0,1.0,0,1,Yes,0,0.6666666666666666,0.0
625,13. Mudhal Bypass,1,1,0,0,96.3791697907384,0.0,Female,1,60,Homemaker,Health,Shared Autorickshaw,1.0,10,10,2,5,100,1,0,1,1,0,1.0,0,1,Yes,0,0.6666666666666666,0.0
626,6. Gumtala Chowk,0,0,0,0,346.4,0.0,Male,0,18,Student,Shopping,Shared Autorickshaw,2.0,15,20,4,5,200,1,0,1,1,0,1.0,0,0,No,0,0.3333333333333333,0.0
626,6. Gumtala Chowk,1,1,0,0,350.5157600219406,0.0,Male,0,18,Student,Shopping,Shared Autorickshaw,2.0,15,20,4,5,200,1,0,1,1,0,1.0,0,0,No,0,0.3333333333333333,0.0
627,1. 100 ft road Chowk,0,0,0,0,606.2,0.0,Male,0,23,Self-employed,Work,Shared Autorickshaw,2.0,10,20,7,10,0,2,0,0,2,17914,0.5496761102005776,0,0,No,1,0.1832253700668592,0.0
627,1. 100 ft road Chowk,1,1,0,0,614.1368215055998,0.0,Male,0,23,Self-employed,Work,Shared Autorickshaw,2.0,10,20,7,10,0,2,0,0,2,17914,0.5496761102005776,0,0,No,1,0.1832253700668592,0.0
628,27. Hussainpura Chowk,0,0,0,0,346.4,0.0,Male,0,25,Private salaried job,Shopping,Shared Autorickshaw,2.0,10,20,4,5,100,1,0,1,1,22000,0.3902286740029658,0,0,No,1,0.1300762246676552,0.0
628,27. Hussainpura Chowk,1,1,0,0,347.2481927231183,0.0,Male,0,25,Private salaried job,Shopping,Shared Autorickshaw,2.0,10,20,4,5,100,1,0,1,1,22000,0.3902286740029658,0,0,No,1,0.1300762246676552,0.0
629,12. Majitha Road Bypass,0,0,0,0,173.2,0.0,Male,0,39,Private salaried job,Work,Shared Autorickshaw,2.0,5,10,4,15,0,0,0,10,0,22000,0.3902286740029658,1,0,No,1,0.4634095580009886,0.0
629,12. Majitha Road Bypass,1,1,0,0,178.75461710137762,0.0,Male,0,39,Private salaried job,Work,Shared Autorickshaw,2.0,5,10,4,15,0,0,0,10,0,22000,0.3902286740029658,1,0,No,1,0.4634095580009886,0.0
630,32. Railway Station,0,0,0,0,519.6,0.0,Male,0,65,Self-employed,Work,Shared Autorickshaw,2.0,5,20,6,5,0,0,0,1,0,17914,0.5496761102005776,1,1,Yes,1,0.8498920367335258,0.0
630,32. Railway Station,1,1,0,0,527.6205978698573,0.0,Male,0,65,Self-employed,Work,Shared Autorickshaw,2.0,5,20,6,5,0,0,0,1,0,17914,0.5496761102005776,1,1,Yes,1,0.8498920367335258,0.0
631,17. Ratan Singh Chowk,0,0,0,0,519.6,0.0,Male,0,52,Self-employed,Work,Shared Autorickshaw,2.5,15,20,6,0,0,1,0,0,1,17914,0.5496761102005776,0,0,No,1,0.1832253700668592,0.0
631,17. Ratan Singh Chowk,1,1,0,0,528.847016672199,0.0,Male,0,52,Self-employed,Work,Shared Autorickshaw,2.5,15,20,6,0,0,1,0,0,1,17914,0.5496761102005776,0,0,No,1,0.1832253700668592,0.0
632,34. Valmiki Chowk,0,0,0,0,606.2,0.0,Female,1,22,Private salaried job,Work,Shared Autorickshaw,3.0,10,20,7,5,100,1,0,0,1,17000,0.5853430110044486,0,0,No,1,0.1951143370014828,0.0
632,34. Valmiki Chowk,1,1,0,0,614.4258309061744,0.0,Female,1,22,Private salaried job,Work,Shared Autorickshaw,3.0,10,20,7,5,100,1,0,0,1,17000,0.5853430110044486,0,0,No,1,0.1951143370014828,0.0
633,Majitha_Road,0,0,0,0,324.75,0.0,Female,1,35,Homemaker,Work,Shared Autorickshaw,3.0,15,15,5,10,150,1,0,1,1,0,1.0,0,0,Yes,0,0.3333333333333333,0.0
633,Majitha_Road,1,1,0,0,325.11970727201174,0.0,Female,1,35,Homemaker,Work,Shared Autorickshaw,3.0,15,15,5,10,150,1,0,1,1,0,1.0,0,0,Yes,0,0.3333333333333333,0.0
634,6. Gumtala Chowk,0,0,0,0,519.6,0.0,Male,0,40,Self-employed,Work,Shared Autorickshaw,3.0,20,20,6,5,200,2,0,1,2,17914,0.5496761102005776,0,0,No,1,0.1832253700668592,0.0
634,6. Gumtala Chowk,1,1,0,0,523.3270234130673,0.0,Male,0,40,Self-employed,Work,Shared Autorickshaw,3.0,20,20,6,5,200,2,0,1,2,17914,0.5496761102005776,0,0,No,1,0.1832253700668592,0.0
635,19. Sultanwind,0,0,0,0,303.1,0.0,Female,1,50,Private salaried job,Work,Shared Autorickshaw,3.0,60,10,7,0,0,1,0,0,1,17000,0.5853430110044486,0,0,No,1,0.1951143370014828,0.0
635,19. Sultanwind,1,1,0,0,303.5869847231385,0.0,Female,1,50,Private salaried job,Work,Shared Autorickshaw,3.0,60,10,7,0,0,1,0,0,1,17000,0.5853430110044486,0,0,No,1,0.1951143370014828,0.0
636,13. Mudhal Bypass,0,0,0,0,519.6,0.0,Male,0,55,Self-employed,Work,Shared Autorickshaw,3.0,20,20,6,5,200,2,0,1,2,17914,0.5496761102005776,0,0,No,1,0.1832253700668592,0.0
636,13. Mudhal Bypass,1,1,0,0,520.6928229111456,0.0,Male,0,55,Self-employed,Work,Shared Autorickshaw,3.0,20,20,6,5,200,2,0,1,2,17914,0.5496761102005776,0,0,No,1,0.1832253700668592,0.0
637,7. Guru Ram Das Charitable Hospital,0,0,0,0,389.7,0.0,Male,0,21,Private salaried job,Work,Shared Autorickshaw,4.0,15,15,6,5,0,0,0,0,0,22000,0.3902286740029658,1,0,No,1,0.4634095580009886,0.0
637,7. Guru Ram Das Charitable Hospital,1,1,0,0,396.4530562866749,0.0,Male,0,21,Private salaried job,Work,Shared Autorickshaw,4.0,15,15,6,5,0,0,0,0,0,22000,0.3902286740029658,1,0,No,1,0.4634095580009886,0.0
638,16. Ram Tirath Road,0,0,0,0,1299.0,0.0,Female,1,25,Self-employed,Religious,Shared Autorickshaw,4.0,30,50,6,5,250,0,0,0,0,6374,1.0,1,0,No,1,0.6666666666666666,0.0
638,16. Ram Tirath Road,1,1,0,0,1306.132581963117,0.0,Female,1,25,Self-employed,Religious,Shared Autorickshaw,4.0,30,50,6,5,250,0,0,0,0,6374,1.0,1,0,No,1,0.6666666666666666,0.0
639,13. Mudhal Bypass,0,0,0,0,259.8,0.0,Female,1,45,Homemaker,Shopping,Shared Autorickshaw,4.0,20,20,3,5,100,2,1,1,3,0,1.0,0,0,Yes,0,0.3333333333333333,0.0
639,13. Mudhal Bypass,1,1,0,0,267.5372068275163,0.0,Female,1,45,Homemaker,Shopping,Shared Autorickshaw,4.0,20,20,3,5,100,2,1,1,3,0,1.0,0,0,Yes,0,0.3333333333333333,0.0
640,8. Hall Gate,0,0,0,0,779.4,0.0,Female,1,19,Student,Education,Shared Autorickshaw,5.0,20,30,6,5,300,0,0,1,0,0,1.0,1,0,Yes,0,0.6666666666666666,0.0
640,8. Hall Gate,1,1,0,0,788.0545654805566,0.0,Female,1,19,Student,Education,Shared Autorickshaw,5.0,20,30,6,5,300,0,0,1,0,0,1.0,1,0,Yes,0,0.6666666666666666,0.0
641,Majitha_Road,0,0,0,0,346.4,0.0,Female,1,22,Homemaker,Work,Shared Autorickshaw,5.0,30,20,4,5,200,1,1,1,2,0,1.0,0,0,No,0,0.3333333333333333,0.0
641,Majitha_Road,1,1,0,0,353.7943146847651,0.0,Female,1,22,Homemaker,Work,Shared Autorickshaw,5.0,30,20,4,5,200,1,1,1,2,0,1.0,0,0,No,0,0.3333333333333333,0.0
642,28. India Gate,0,0,0,0,606.2,0.0,Male,0,30,Self-employed,Work,Shared Autorickshaw,5.0,20,20,7,5,100,1,1,2,2,17914,0.5496761102005776,0,0,Yes,1,0.1832253700668592,0.0
642,28. India Gate,1,1,0,0,614.2087159210664,0.0,Male,0,30,Self-employed,Work,Shared Autorickshaw,5.0,20,20,7,5,100,1,1,2,2,17914,0.5496761102005776,0,0,Yes,1,0.1832253700668592,0.0
643,20. Sultanwind gate,0,0,0,0,259.8,0.0,Female,1,45,Homemaker,Shopping,Shared Autorickshaw,5.0,25,20,3,5,100,2,0,1,2,0,1.0,0,0,Yes,0,0.3333333333333333,0.0
643,20. Sultanwind gate,1,1,0,0,260.2896370982328,0.0,Female,1,45,Homemaker,Shopping,Shared Autorickshaw,5.0,25,20,3,5,100,2,0,1,2,0,1.0,0,0,Yes,0,0.3333333333333333,0.0
644,10. Kot Man Singh,0,0,0,0,173.2,0.0,Female,1,65,Self-employed,Work,Shared Autorickshaw,5.0,15,20,2,1,0,1,0,1,1,6374,1.0,0,1,No,1,0.6666666666666666,0.0
644,10. Kot Man Singh,1,1,0,0,175.54535150441296,0.0,Female,1,65,Self-employed,Work,Shared Autorickshaw,5.0,15,20,2,1,0,1,0,1,1,6374,1.0,0,1,No,1,0.6666666666666666,0.0
645,6. Gumtala Chowk,0,0,0,0,909.3,0.0,Female,1,24,Homemaker,Work,Shared Autorickshaw,6.0,30,30,7,5,200,1,0,1,1,0,1.0,0,0,Yes,0,0.3333333333333333,0.0
645,6. Gumtala Chowk,1,1,0,0,915.5189777337524,0.0,Female,1,24,Homemaker,Work,Shared Autorickshaw,6.0,30,30,7,5,200,1,0,1,1,0,1.0,0,0,Yes,0,0.3333333333333333,0.0
646,31. Queens Road,0,0,0,0,779.4,0.0,Male,0,35,Private salaried job,Work,Shared Autorickshaw,6.0,20,30,6,5,100,2,0,1,2,22000,0.3902286740029658,0,0,Yes,1,0.1300762246676552,0.0
646,31. Queens Road,1,1,0,0,787.9812530462482,0.0,Male,0,35,Private salaried job,Work,Shared Autorickshaw,6.0,20,30,6,5,100,2,0,1,2,22000,0.3902286740029658,0,0,Yes,1,0.1300762246676552,0.0
647,28. India Gate,0,0,0,0,173.2,0.0,Male,0,45,Self-employed,Shopping,Shared Autorickshaw,7.0,20,20,2,5,100,2,1,2,3,17914,0.5496761102005776,0,0,Yes,1,0.1832253700668592,0.0
647,28. India Gate,1,1,0,0,173.24500124939658,0.0,Male,0,45,Self-employed,Shopping,Shared Autorickshaw,7.0,20,20,2,5,100,2,1,2,3,17914,0.5496761102005776,0,0,Yes,1,0.1832253700668592,0.0
648,12. Majitha Road Bypass,0,0,0,0,433.0,0.0,Male,0,28,Private salaried job,Work,Shared Autorickshaw,10.0,30,20,5,0,20,0,0,1,0,22000,0.3902286740029658,1,0,Yes,1,0.4634095580009886,0.0
648,12. Majitha Road Bypass,1,1,0,0,438.1462934211635,0.0,Male,0,28,Private salaried job,Work,Shared Autorickshaw,10.0,30,20,5,0,20,0,0,1,0,22000,0.3902286740029658,1,0,Yes,1,0.4634095580009886,0.0
649,23. Celebration Mall,0,0,0,0,0.0,0.0,Male,0,17,Student,Shopping,Bicycle,1.0,10,0,4,0,0,1,0,1,1,0,1.0,0,0,No,0,0.3333333333333333,0.0
649,23. Celebration Mall,1,1,0,0,6.772873993643972,0.0,Male,0,17,Student,Shopping,Bicycle,1.0,10,0,4,0,0,1,0,1,1,0,1.0,0,0,No,0,0.3333333333333333,0.0
650,13. Mudhal Bypass,0,0,0,0,0.0,0.0,Male,0,18,Student,Education,Bicycle,2.0,20,0,6,0,0,1,0,2,1,0,1.0,0,0,No,0,0.3333333333333333,0.0
650,13. Mudhal Bypass,1,1,0,0,0.2960728912861321,0.0,Male,0,18,Student,Education,Bicycle,2.0,20,0,6,0,0,1,0,2,1,0,1.0,0,0,No,0,0.3333333333333333,0.0
651,6. Gumtala Chowk,0,0,0,0,0.0,0.0,Female,1,20,Student,Education,Bicycle,2.0,10,0,6,0,0,1,0,2,1,0,1.0,0,0,No,0,0.3333333333333333,0.0
651,6. Gumtala Chowk,1,1,0,0,4.013555575533879,0.0,Female,1,20,Student,Education,Bicycle,2.0,10,0,6,0,0,1,0,2,1,0,1.0,0,0,No,0,0.3333333333333333,0.0
652,29. Kachehri Chowk,0,0,0,0,0.0,0.0,Male,0,45,Labourer,Work,Bicycle,2.0,15,0,7,0,0,1,0,1,1,13650,0.7160696167954421,0,0,Yes,1,0.2386898722651473,0.0
652,29. Kachehri Chowk,1,1,0,0,8.956348813836968,0.0,Male,0,45,Labourer,Work,Bicycle,2.0,15,0,7,0,0,1,0,1,1,13650,0.7160696167954421,0,0,Yes,1,0.2386898722651473,0.0
653,26. Guru Harkrishan School,0,0,0,0,0.0,0.0,Male,0,35,Self-employed,Work,Bicycle,3.0,60,0,7,0,0,0,0,1,0,17914,0.5496761102005776,1,0,No,1,0.5165587034001925,0.0
653,26. Guru Harkrishan School,1,1,0,0,6.716128088558588,0.0,Male,0,35,Self-employed,Work,Bicycle,3.0,60,0,7,0,0,0,0,1,0,17914,0.5496761102005776,1,0,No,1,0.5165587034001925,0.0
654,27. Hussainpura Chowk,0,0,0,0,0.0,0.0,Male,0,40,Private salaried job,Work,Bicycle,3.0,20,0,7,0,0,1,0,2,1,22000,0.3902286740029658,0,0,Yes,1,0.1300762246676552,0.0
654,27. Hussainpura Chowk,1,1,0,0,2.376583633605973,0.0,Male,0,40,Private salaried job,Work,Bicycle,3.0,20,0,7,0,0,1,0,2,1,22000,0.3902286740029658,0,0,Yes,1,0.1300762246676552,0.0
655,27. Hussainpura Chowk,0,0,0,0,0.0,0.0,Male,0,50,Private salaried job,Work,Bicycle,3.0,20,0,7,0,0,1,0,1,1,22000,0.3902286740029658,0,0,Yes,1,0.1300762246676552,0.0
655,27. Hussainpura Chowk,1,1,0,0,8.527811296319127,0.0,Male,0,50,Private salaried job,Work,Bicycle,3.0,20,0,7,0,0,1,0,1,1,22000,0.3902286740029658,0,0,Yes,1,0.1300762246676552,0.0
656,1. 100 ft road Chowk,0,0,0,0,0.0,0.0,Male,0,55,Labourer,Work,Bicycle,3.0,60,0,7,0,0,0,0,1,0,13650,0.7160696167954421,1,0,No,1,0.5720232055984807,0.0
656,1. 100 ft road Chowk,1,1,0,0,3.480314234095143,0.0,Male,0,55,Labourer,Work,Bicycle,3.0,60,0,7,0,0,0,0,1,0,13650,0.7160696167954421,1,0,No,1,0.5720232055984807,0.0
657,31. Queens Road,0,0,0,0,0.0,0.0,Male,0,40,Private salaried job,Work,Bicycle,3.5,20,0,6,0,0,1,0,2,1,22000,0.3902286740029658,0,0,Yes,1,0.1300762246676552,0.0
657,31. Queens Road,1,1,0,0,8.533446711440595,0.0,Male,0,40,Private salaried job,Work,Bicycle,3.5,20,0,6,0,0,1,0,2,1,22000,0.3902286740029658,0,0,Yes,1,0.1300762246676552,0.0
658,20. Sultanwind gate,0,0,0,0,0.0,0.0,Male,0,40,Private salaried job,Work,Bicycle,6.0,30,0,6,0,0,2,0,1,2,22000,0.3902286740029658,0,0,Yes,1,0.1300762246676552,0.0
658,20. Sultanwind gate,1,1,0,0,2.989436511189055,0.0,Male,0,40,Private salaried job,Work,Bicycle,6.0,30,0,6,0,0,2,0,1,2,22000,0.3902286740029658,0,0,Yes,1,0.1300762246676552,0.0
659,19. Sultanwind,0,0,0,0,43.3,0.0,Male,0,39,Private salaried job,Work,Shared E-Rickshaw,1.0,15,10,1,0,0,1,0,0,1,22000,0.3902286740029658,0,0,Yes,1,0.1300762246676552,0.0
659,19. Sultanwind,1,1,0,0,49.20320250883149,0.0,Male,0,39,Private salaried job,Work,Shared E-Rickshaw,1.0,15,10,1,0,0,1,0,0,1,22000,0.3902286740029658,0,0,Yes,1,0.1300762246676552,0.0
660,13. Mudhal Bypass,0,0,0,0,173.2,0.0,Female,1,30,Homemaker,Shopping,Shared E-Rickshaw,1.5,10,10,4,5,100,1,0,2,1,0,1.0,0,0,No,0,0.3333333333333333,0.0
660,13. Mudhal Bypass,1,1,0,0,177.16940067747834,0.0,Female,1,30,Homemaker,Shopping,Shared E-Rickshaw,1.5,10,10,4,5,100,1,0,2,1,0,1.0,0,0,No,0,0.3333333333333333,0.0
661,20. Sultanwind gate,0,0,0,0,519.6,0.0,Male,0,25,Private salaried job,Work,Shared E-Rickshaw,2.0,10,20,6,5,0,1,0,2,1,22000,0.3902286740029658,0,0,No,1,0.1300762246676552,0.0
661,20. Sultanwind gate,1,1,0,0,522.3482505075507,0.0,Male,0,25,Private salaried job,Work,Shared E-Rickshaw,2.0,10,20,6,5,0,1,0,2,1,22000,0.3902286740029658,0,0,No,1,0.1300762246676552,0.0
662,8. Hall Gate,0,0,0,0,259.8,0.0,Female,1,40,Homemaker,Work,Shared E-Rickshaw,2.0,15,10,6,0,0,0,0,0,0,0,1.0,1,0,Yes,0,0.6666666666666666,0.0
662,8. Hall Gate,1,1,0,0,268.6655756217187,0.0,Female,1,40,Homemaker,Work,Shared E-Rickshaw,2.0,15,10,6,0,0,0,0,0,0,0,1.0,1,0,Yes,0,0.6666666666666666,0.0
663,20. Sultanwind gate,0,0,0,0,346.4,0.0,Male,0,50,Self-employed,Religious,Shared E-Rickshaw,2.0,15,20,4,5,100,2,1,1,3,17914,0.5496761102005776,0,0,Yes,1,0.1832253700668592,0.0
663,20. Sultanwind gate,1,1,0,0,348.2759368193949,0.0,Male,0,50,Self-employed,Religious,Shared E-Rickshaw,2.0,15,20,4,5,100,2,1,1,3,17914,0.5496761102005776,0,0,Yes,1,0.1832253700668592,0.0
664,28. India Gate,0,0,0,0,129.9,0.0,Female,1,60,Homemaker,Health,Shared E-Rickshaw,2.0,10,10,3,5,100,1,0,2,1,0,1.0,0,1,Yes,0,0.6666666666666666,0.0
664,28. India Gate,1,1,0,0,130.74811591235763,0.0,Female,1,60,Homemaker,Health,Shared E-Rickshaw,2.0,10,10,3,5,100,1,0,2,1,0,1.0,0,1,Yes,0,0.6666666666666666,0.0
665,17. Ratan Singh Chowk,0,0,0,0,519.6,0.0,Male,0,65,Labourer,Work,Shared E-Rickshaw,2.0,10,20,6,0,0,0,0,0,0,13650,0.7160696167954421,1,1,No,1,0.905356538931814,0.0
665,17. Ratan Singh Chowk,1,1,0,0,523.0192693854566,0.0,Male,0,65,Labourer,Work,Shared E-Rickshaw,2.0,10,20,6,0,0,0,0,0,0,13650,0.7160696167954421,1,1,No,1,0.905356538931814,0.0
666,3. Bus stand,0,0,0,0,259.8,0.0,Male,0,65,Private salaried job,Work,Shared E-Rickshaw,2.0,20,10,6,0,0,0,0,0,0,22000,0.3902286740029658,1,1,Yes,1,0.796742891334322,0.0
666,3. Bus stand,1,1,0,0,266.9763914764157,0.0,Male,0,65,Private salaried job,Work,Shared E-Rickshaw,2.0,20,10,6,0,0,0,0,0,0,22000,0.3902286740029658,1,1,Yes,1,0.796742891334322,0.0
667,25. Golden Gate,0,0,0,0,519.6,0.0,Male,0,25,Private salaried job,Work,Shared E-Rickshaw,3.0,15,20,6,5,100,1,0,1,1,22000,0.3902286740029658,0,0,No,1,0.1300762246676552,0.0
667,25. Golden Gate,1,1,0,0,527.6743160597629,0.0,Male,0,25,Private salaried job,Work,Shared E-Rickshaw,3.0,15,20,6,5,100,1,0,1,1,22000,0.3902286740029658,0,0,No,1,0.1300762246676552,0.0
668,16. Ram Tirath Road,0,0,0,0,86.6,0.0,Female,1,25,Homemaker,Recreational,Shared E-Rickshaw,3.0,20,10,2,5,100,0,0,0,0,0,1.0,1,0,No,0,0.6666666666666666,0.0
668,16. Ram Tirath Road,1,1,0,0,96.58743370066765,0.0,Female,1,25,Homemaker,Recreational,Shared E-Rickshaw,3.0,20,10,2,5,100,0,0,0,0,0,1.0,1,0,No,0,0.6666666666666666,0.0
669,19. Sultanwind,0,0,0,0,259.8,0.0,Female,1,40,Private salaried job,Work,Shared E-Rickshaw,3.0,15,10,6,0,0,0,0,0,0,17000,0.5853430110044486,1,0,Yes,1,0.5284476703348162,0.0
669,19. Sultanwind,1,1,0,0,262.76362057011164,0.0,Female,1,40,Private salaried job,Work,Shared E-Rickshaw,3.0,15,10,6,0,0,0,0,0,0,17000,0.5853430110044486,1,0,Yes,1,0.5284476703348162,0.0
670,6. Gumtala Chowk,0,0,0,0,519.6,0.0,Male,0,43,Self-employed,Work,Shared E-Rickshaw,3.0,25,20,6,5,100,2,0,1,2,17914,0.5496761102005776,0,0,Yes,1,0.1832253700668592,0.0
670,6. Gumtala Chowk,1,1,0,0,523.6794195113129,0.0,Male,0,43,Self-employed,Work,Shared E-Rickshaw,3.0,25,20,6,5,100,2,0,1,2,17914,0.5496761102005776,0,0,Yes,1,0.1832253700668592,0.0
671,13. Mudhal Bypass,0,0,0,0,519.6,0.0,Male,0,45,Private salaried job,Work,Shared E-Rickshaw,3.0,15,20,6,5,100,1,0,1,1,22000,0.3902286740029658,0,0,No,1,0.1300762246676552,0.0
671,13. Mudhal Bypass,1,1,0,0,520.9682127802963,0.0,Male,0,45,Private salaried job,Work,Shared E-Rickshaw,3.0,15,20,6,5,100,1,0,1,1,22000,0.3902286740029658,0,0,No,1,0.1300762246676552,0.0
672,28. India Gate,0,0,0,0,519.6,0.0,Male,0,35,Private salaried job,Work,Shared E-Rickshaw,3.5,10,20,6,5,200,2,0,2,2,22000,0.3902286740029658,0,0,Yes,1,0.1300762246676552,0.0
672,28. India Gate,1,1,0,0,525.3487192962303,0.0,Male,0,35,Private salaried job,Work,Shared E-Rickshaw,3.5,10,20,6,5,200,2,0,2,2,22000,0.3902286740029658,0,0,Yes,1,0.1300762246676552,0.0
673,28. India Gate,0,0,0,0,519.6,0.0,Male,0,50,Self-employed,Shopping,Shared E-Rickshaw,3.5,15,20,6,5,100,2,1,2,3,17914,0.5496761102005776,0,0,No,1,0.1832253700668592,0.0
673,28. India Gate,1,1,0,0,529.5758003726291,0.0,Male,0,50,Self-employed,Shopping,Shared E-Rickshaw,3.5,15,20,6,5,100,2,1,2,3,17914,0.5496761102005776,0,0,No,1,0.1832253700668592,0.0
674,23. Celebration Mall,0,0,0,0,346.4,0.0,Male,0,35,Private salaried job,Work,Shared E-Rickshaw,4.0,15,20,4,5,100,2,0,1,2,22000,0.3902286740029658,0,0,No,1,0.1300762246676552,0.0
674,23. Celebration Mall,1,1,0,0,353.40881010120654,0.0,Male,0,35,Private salaried job,Work,Shared E-Rickshaw,4.0,15,20,4,5,100,2,0,1,2,22000,0.3902286740029658,0,0,No,1,0.1300762246676552,0.0
675,28. India Gate,0,0,0,0,173.2,0.0,Male,0,55,Self-employed,Work,Shared E-Rickshaw,4.0,15,10,4,5,0,0,0,2,0,17914,0.5496761102005776,1,0,Yes,1,0.5165587034001925,0.0
675,28. India Gate,1,1,0,0,179.15212840413372,0.0,Male,0,55,Self-employed,Work,Shared E-Rickshaw,4.0,15,10,4,5,0,0,0,2,0,17914,0.5496761102005776,1,0,Yes,1,0.5165587034001925,0.0
676,20. Sultanwind gate,0,0,0,0,259.8,0.0,Female,1,16,Student,Education,Shared E-Rickshaw,5.0,10,10,6,10,50,2,0,1,2,0,1.0,0,0,No,0,0.3333333333333333,0.0
676,20. Sultanwind gate,1,1,0,0,263.7236909292179,0.0,Female,1,16,Student,Education,Shared E-Rickshaw,5.0,10,10,6,10,50,2,0,1,2,0,1.0,0,0,No,0,0.3333333333333333,0.0
677,35. Verka Bypass,0,0,0,0,86.6,0.0,Male,0,50,Self-employed,Religious,Shared E-Rickshaw,6.0,40,20,1,2,200,1,0,1,1,17914,0.5496761102005776,0,0,Yes,1,0.1832253700668592,0.0
677,35. Verka Bypass,1,1,0,0,95.75298760285554,0.0,Male,0,50,Self-employed,Religious,Shared E-Rickshaw,6.0,40,20,1,2,200,1,0,1,1,17914,0.5496761102005776,0,0,Yes,1,0.1832253700668592,0.0
678,31. Queens Road,0,0,0,0,779.4,0.0,Male,0,16,Student,Shopping,Shared E-Rickshaw,8.0,30,30,6,5,200,0,0,2,0,0,1.0,1,0,No,0,0.6666666666666666,0.0
678,31. Queens Road,1,1,0,0,784.3691659613035,0.0,Male,0,16,Student,Shopping,Shared E-Rickshaw,8.0,30,30,6,5,200,0,0,2,0,0,1.0,1,0,No,0,0.6666666666666666,0.0
679,28. India Gate,0,0,0,0,259.8,0.0,Female,1,45,Homemaker,Shopping,Shared E-Rickshaw,8.0,20,20,3,5,200,1,0,2,1,0,1.0,0,0,No,0,0.3333333333333333,0.0
679,28. India Gate,1,1,0,0,261.14366913313063,0.0,Female,1,45,Homemaker,Shopping,Shared E-Rickshaw,8.0,20,20,3,5,200,1,0,2,1,0,1.0,0,0,No,0,0.3333333333333333,0.0
680,20. Sultanwind gate,0,0,0,0,140.18044444444445,0.0,Male,0,20,Private salaried job,Work,Two Wheeler,1.0,5,0,6,0,0,1,0,1,1,22000,0.3902286740029658,0,0,No,1,0.1300762246676552,0.0
680,20. Sultanwind gate,1,1,0,0,3.653784631991335,0.0,Male,0,20,Private salaried job,Work,Two Wheeler,1.0,5,0,6,0,0,1,0,1,1,22000,0.3902286740029658,0,0,No,1,0.1300762246676552,0.0
681,23. Celebration Mall,0,0,0,0,140.18044444444445,0.0,Male,0,25,Private salaried job,Work,Two Wheeler,1.0,5,0,6,0,0,2,0,1,2,22000,0.3902286740029658,0,0,No,1,0.1300762246676552,0.0
681,23. Celebration Mall,1,1,0,0,0.671666688477669,0.0,Male,0,25,Private salaried job,Work,Two Wheeler,1.0,5,0,6,0,0,2,0,1,2,22000,0.3902286740029658,0,0,No,1,0.1300762246676552,0.0
682,23. Celebration Mall,0,0,0,0,140.18044444444445,0.0,Male,0,35,Self-employed,Work,Two Wheeler,1.0,10,0,6,0,0,1,0,1,1,17914,0.5496761102005776,0,0,Yes,1,0.1832253700668592,0.0
682,23. Celebration Mall,1,1,0,0,2.019790376887816,0.0,Male,0,35,Self-employed,Work,Two Wheeler,1.0,10,0,6,0,0,1,0,1,1,17914,0.5496761102005776,0,0,Yes,1,0.1832253700668592,0.0
683,27. Hussainpura Chowk,0,0,0,0,93.45362962962963,0.0,Female,1,35,Homemaker,Shopping,Two Wheeler,1.0,10,0,4,0,0,2,0,1,2,0,1.0,0,0,Yes,0,0.3333333333333333,0.0
683,27. Hussainpura Chowk,1,1,0,0,0.176687809999122,0.0,Female,1,35,Homemaker,Shopping,Two Wheeler,1.0,10,0,4,0,0,2,0,1,2,0,1.0,0,0,Yes,0,0.3333333333333333,0.0
684,1. 100 ft road Chowk,0,0,0,0,140.18044444444445,0.0,Male,0,62,Self-employed,Work,Two Wheeler,1.0,7,0,6,0,0,1,0,0,1,17914,0.5496761102005776,0,1,No,1,0.5165587034001925,0.0
684,1. 100 ft road Chowk,1,1,0,0,4.532799165001634,0.0,Male,0,62,Self-employed,Work,Two Wheeler,1.0,7,0,6,0,0,1,0,0,1,17914,0.5496761102005776,0,1,No,1,0.5165587034001925,0.0
685,25. Golden Gate,0,0,0,0,105.13533333333334,0.0,Male,0,60,Self-employed,Shopping,Two Wheeler,1.5,10,0,3,0,0,2,0,1,2,17914,0.5496761102005776,0,1,Yes,1,0.5165587034001925,0.0
685,25. Golden Gate,1,1,0,0,6.345402649517972,0.0,Male,0,60,Self-employed,Shopping,Two Wheeler,1.5,10,0,3,0,0,2,0,1,2,17914,0.5496761102005776,0,1,Yes,1,0.5165587034001925,0.0
686,31. Queens Road,0,0,0,0,280.3608888888889,0.0,Male,0,17,Student,Education,Two Wheeler,2.0,10,0,6,0,0,2,0,2,2,0,1.0,0,0,No,0,0.3333333333333333,0.0
686,31. Queens Road,1,1,0,0,3.4329246237890776,0.0,Male,0,17,Student,Education,Two Wheeler,2.0,10,0,6,0,0,2,0,2,2,0,1.0,0,0,No,0,0.3333333333333333,0.0
687,6. Gumtala Chowk,0,0,0,0,280.3608888888889,0.0,Male,0,20,Student,Education,Two Wheeler,2.0,10,0,6,0,0,2,0,2,2,0,1.0,0,0,No,0,0.3333333333333333,0.0
687,6. Gumtala Chowk,1,1,0,0,4.203817715052772,0.0,Male,0,20,Student,Education,Two Wheeler,2.0,10,0,6,0,0,2,0,2,2,0,1.0,0,0,No,0,0.3333333333333333,0.0
688,1. 100 ft road Chowk,0,0,0,0,280.3608888888889,0.0,Male,0,31,Labourer,Work,Two Wheeler,2.0,5,0,6,0,0,1,0,1,1,13650,0.7160696167954421,0,0,Yes,1,0.2386898722651473,0.0
688,1. 100 ft road Chowk,1,1,0,0,9.59209272844576,0.0,Male,0,31,Labourer,Work,Two Wheeler,2.0,5,0,6,0,0,1,0,1,1,13650,0.7160696167954421,0,0,Yes,1,0.2386898722651473,0.0
689,35. Verka Bypass,0,0,0,0,327.0877037037037,0.0,Male,0,36,Self-employed,Work,Two Wheeler,2.0,20,0,7,0,0,1,0,0,1,17914,0.5496761102005776,0,0,Yes,1,0.1832253700668592,0.0
689,35. Verka Bypass,1,1,0,0,7.519631215749155,0.0,Male,0,36,Self-employed,Work,Two Wheeler,2.0,20,0,7,0,0,1,0,0,1,17914,0.5496761102005776,0,0,Yes,1,0.1832253700668592,0.0
690,6. Gumtala Chowk,0,0,1,0,280.3608888888889,0.0,Male,0,55,Self-employed,Work,Two Wheeler,2.0,10,0,6,0,0,1,0,2,1,17914,0.5496761102005776,0,0,Yes,1,0.1832253700668592,0.0
690,6. Gumtala Chowk,1,1,1,1,129.9,5.0,Male,0,55,Self-employed,Work,Two Wheeler,2.0,10,0,6,0,0,1,0,2,1,17914,0.5496761102005776,0,0,Yes,1,0.1832253700668592,0.1832253700668592
691,28. India Gate,0,0,0,0,233.63407407407405,0.0,Male,0,18,Student,Shopping,Two Wheeler,2.5,10,0,4,0,0,2,1,1,3,0,1.0,0,0,No,0,0.3333333333333333,0.0
691,28. India Gate,1,1,0,0,2.8454087511182524,0.0,Male,0,18,Student,Shopping,Two Wheeler,2.5,10,0,4,0,0,2,1,1,3,0,1.0,0,0,No,0,0.3333333333333333,0.0
692,32. Railway Station,0,0,0,0,420.54133333333334,0.0,Male,0,39,Private salaried job,Work,Two Wheeler,3.0,15,0,6,0,0,1,0,0,1,22000,0.3902286740029658,0,0,Yes,1,0.1300762246676552,0.0
692,32. Railway Station,1,1,0,0,8.969967987729952,0.0,Male,0,39,Private salaried job,Work,Two Wheeler,3.0,15,0,6,0,0,1,0,0,1,22000,0.3902286740029658,0,0,Yes,1,0.1300762246676552,0.0
693,28. India Gate,0,0,0,0,216.5,0.0,Male,0,40,Self-employed,Work,Two Wheeler,3.0,10,10,5,5,200,2,1,1,3,17914,0.5496761102005776,0,0,Yes,1,0.1832253700668592,0.0
693,28. India Gate,1,1,0,0,218.8509711688066,0.0,Male,0,40,Self-employed,Work,Two Wheeler,3.0,10,10,5,5,200,2,1,1,3,17914,0.5496761102005776,0,0,Yes,1,0.1832253700668592,0.0
694,27. Hussainpura Chowk,0,0,0,0,841.0826666666667,0.0,Male,0,20,Self-employed,Work,Two Wheeler,6.0,20,0,6,0,0,2,0,1,2,17914,0.5496761102005776,0,0,No,1,0.1832253700668592,0.0
694,27. Hussainpura Chowk,1,1,0,0,3.2534273051667704,0.0,Male,0,20,Self-employed,Work,Two Wheeler,6.0,20,0,6,0,0,2,0,1,2,17914,0.5496761102005776,0,0,No,1,0.1832253700668592,0.0
695,27. Hussainpura Chowk,0,0,0,0,981.2631111111111,0.0,Male,0,35,Private salaried job,Work,Two Wheeler,7.0,25,0,6,0,0,2,0,1,2,22000,0.3902286740029658,0,0,Yes,1,0.1300762246676552,0.0
695,27. Hussainpura Chowk,1,1,0,0,9.090648144229483,0.0,Male,0,35,Private salaried job,Work,Two Wheeler,7.0,25,0,6,0,0,2,0,1,2,22000,0.3902286740029658,0,0,Yes,1,0.1300762246676552,0.0
696,20. Sultanwind gate,0,0,0,0,259.8,0.0,Female,1,17,Private salaried job,Work,Shared Autorickshaw,2.0,5,10,6,0,50,0,0,0,0,17000,0.5853430110044486,1,0,No,1,0.5284476703348162,0.0
696,20. Sultanwind gate,1,1,0,0,265.0954205528507,0.0,Female,1,17,Private salaried job,Work,Shared Autorickshaw,2.0,5,10,6,0,50,0,0,0,0,17000,0.5853430110044486,1,0,No,1,0.5284476703348162,0.0
697,19. Sultanwind,0,0,0,0,909.3,0.0,Female,1,50,Private salaried job,Work,Shared Autorickshaw,6.0,60,30,7,10,400,0,0,1,0,17000,0.5853430110044486,1,0,No,1,0.5284476703348162,0.0
697,19. Sultanwind,1,1,0,0,916.7231794941796,0.0,Female,1,50,Private salaried job,Work,Shared Autorickshaw,6.0,60,30,7,10,400,0,0,1,0,17000,0.5853430110044486,1,0,No,1,0.5284476703348162,0.0
698,2. Amritsar Engineering College,0,0,0,0,433.0,0.0,Male,0,19,Student,Education,Shared Autorickshaw,7.0,20,20,5,2,100,1,0,0,1,0,1.0,0,0,No,0,0.3333333333333333,0.0
698,2. Amritsar Engineering College,1,1,0,0,438.90744794163766,0.0,Male,0,19,Student,Education,Shared Autorickshaw,7.0,20,20,5,2,100,1,0,0,1,0,1.0,0,0,No,0,0.3333333333333333,0.0
699,12. Majitha Road Bypass,0,0,1,0,606.2,0.0,Male,0,22,Self-employed,Work,Shared Autorickshaw,9.0,15,20,7,15,0,0,0,0,0,17914,0.5496761102005776,1,0,No,1,0.5165587034001925,0.0
699,12. Majitha Road Bypass,1,1,1,1,454.65,15.0,Male,0,22,Self-employed,Work,Shared Autorickshaw,9.0,15,20,7,15,0,0,0,0,0,17914,0.5496761102005776,1,0,No,1,0.5165587034001925,0.5165587034001925
700,19. Sultanwind,0,0,1,0,1515.5,0.0,Male,0,22,Private salaried job,Work,Shared Autorickshaw,15.0,120,50,7,5,0,1,1,0,2,22000,0.3902286740029658,0,0,No,1,0.1300762246676552,0.0
700,19. Sultanwind,1,1,1,1,606.2,20.0,Male,0,22,Private salaried job,Work,Shared Autorickshaw,15.0,120,50,7,5,0,1,1,0,2,22000,0.3902286740029658,0,0,No,1,0.1300762246676552,0.1300762246676552
701,26. Guru Harkrishan School,0,0,0,0,519.6,0.0,Female,1,16,Student,Education,Shared E-Rickshaw,3.0,20,40,3,0,50,2,1,1,3,0,1.0,0,0,No,0,0.3333333333333333,0.0
701,26. Guru Harkrishan School,1,1,0,0,522.0137206162666,0.0,Female,1,16,Student,Education,Shared E-Rickshaw,3.0,20,40,3,0,50,2,1,1,3,0,1.0,0,0,No,0,0.3333333333333333,0.0
702,6. Gumtala Chowk,0,0,0,0,779.4,0.0,Female,1,22,Self-employed,Work,Shared E-Rickshaw,7.0,20,30,6,10,200,1,0,0,1,6374,1.0,0,0,No,1,0.3333333333333333,0.0
702,6. Gumtala Chowk,1,1,0,0,782.6249234716867,0.0,Female,1,22,Self-employed,Work,Shared E-Rickshaw,7.0,20,30,6,10,200,1,0,0,1,6374,1.0,0,0,No,1,0.3333333333333333,0.0
703,19. Sultanwind,0,0,0,0,327.0877037037037,0.0,Male,0,18,Private salaried job,Work,Two Wheeler,2.0,15,0,7,0,0,1,0,0,1,22000,0.3902286740029658,0,0,No,1,0.1300762246676552,0.0
703,19. Sultanwind,1,1,0,0,1.554415640834225,0.0,Male,0,18,Private salaried job,Work,Two Wheeler,2.0,15,0,7,0,0,1,0,0,1,22000,0.3902286740029658,0,0,No,1,0.1300762246676552,0.0
704,24. GNDU,0,0,0,0,420.54133333333334,0.0,Female,1,18,Student,Education,Two Wheeler,3.0,15,0,6,0,0,2,1,1,3,0,1.0,0,0,Yes,0,0.3333333333333333,0.0
704,24. GNDU,1,1,0,0,8.743143652908074,0.0,Female,1,18,Student,Education,Two Wheeler,3.0,15,0,6,0,0,2,1,1,3,0,1.0,0,0,Yes,0,0.3333333333333333,0.0
705,34. Valmiki Chowk,0,0,0,0,81.77192592592593,0.0,Male,0,17,Student,Health,Two Wheeler,3.5,15,0,1,0,0,2,0,0,2,0,1.0,0,0,No,0,0.3333333333333333,0.0
705,34. Valmiki Chowk,1,1,0,0,2.832469332501141,0.0,Male,0,17,Student,Health,Two Wheeler,3.5,15,0,1,0,0,2,0,0,2,0,1.0,0,0,No,0,0.3333333333333333,0.0
